Level, GameLimit, MoveLimit, C, Win, MedalLeft, MovesMade, Score
2, 1, 1, 1.4, 0, 3, 20, 8200
2, 1, 1, 1.4, 0, 2, 20, 35800
2, 1, 1, 1.4, 0, 2, 20, 30500
2, 1, 1, 1.4, 0, 3, 20, 20700
2, 1, 1, 1.4, 0, 2, 20, 29900
2, 1, 1, 1.4, 0, 2, 20, 49200
2, 1, 1, 1.4, 0, 3, 20, 18400
2, 1, 1, 1.4, 0, 1, 20, 85900
2, 1, 1, 1.4, 0, 1, 20, 55200
2, 1, 1, 1.4, 0, 2, 20, 34000
2, 1, 1, 1.4, 0, 3, 20, 13700
2, 1, 1, 1.4, 0, 1, 20, 94200
2, 1, 1, 1.4, 0, 1, 20, 46700
2, 1, 1, 1.4, 0, 2, 20, 53700
2, 1, 1, 1.4, 0, 3, 20, 14300
2, 1, 1, 1.4, 0, 2, 20, 33400
2, 1, 1, 1.4, 0, 2, 20, 30100
2, 1, 1, 1.4, 0, 1, 20, 44400
2, 1, 1, 1.4, 0, 2, 20, 41600
2, 1, 1, 1.4, 0, 3, 20, 8800
2, 1, 1, 1.4, 0, 2, 20, 78600
2, 1, 1, 1.4, 0, 3, 20, 24200
2, 1, 1, 1.4, 0, 1, 20, 49900
2, 1, 1, 1.4, 0, 3, 20, 21400
2, 1, 1, 1.4, 0, 3, 20, 14200
2, 1, 1, 1.4, 0, 2, 20, 75300
2, 1, 1, 1.4, 0, 2, 20, 38700
2, 1, 1, 1.4, 0, 2, 20, 29400
2, 1, 1, 1.4, 0, 2, 20, 30600
2, 1, 1, 1.4, 0, 3, 20, 8700
2, 1, 1, 1.4, 0, 1, 20, 91000
2, 1, 1, 1.4, 0, 2, 20, 70300
2, 1, 1, 1.4, 0, 1, 20, 50800
2, 1, 1, 1.4, 0, 2, 20, 41300
2, 1, 1, 1.4, 0, 3, 20, 7300
2, 1, 1, 1.4, 0, 3, 20, 9600
2, 1, 1, 1.4, 0, 2, 20, 33500
2, 1, 1, 1.4, 0, 2, 20, 33800
2, 1, 1, 1.4, 0, 2, 20, 34000
2, 1, 1, 1.4, 0, 2, 20, 30200
2, 1, 1, 1.4, 0, 2, 20, 28400
2, 1, 1, 1.4, 0, 2, 20, 28300
2, 1, 1, 1.4, 0, 3, 20, 9900
2, 1, 1, 1.4, 0, 3, 20, 9100
2, 1, 1, 1.4, 0, 2, 20, 33900
2, 1, 1, 1.4, 0, 3, 20, 14400
2, 1, 1, 1.4, 0, 3, 20, 14800
2, 1, 1, 1.4, 0, 3, 20, 17300
2, 1, 1, 1.4, 0, 3, 20, 18800
2, 1, 1, 1.4, 0, 2, 20, 72900
2, 1, 1, 1.4, 0, 3, 20, 15100
2, 1, 1, 1.4, 0, 2, 20, 33600
2, 1, 1, 1.4, 0, 2, 20, 30700
2, 1, 1, 1.4, 0, 1, 20, 44600
2, 1, 1, 1.4, 0, 2, 20, 30600
2, 1, 1, 1.4, 0, 1, 20, 100500
2, 1, 1, 1.4, 0, 3, 20, 21500
2, 1, 1, 1.4, 0, 1, 20, 44000
2, 1, 1, 1.4, 0, 1, 20, 66400
2, 1, 1, 1.4, 0, 2, 20, 35000
2, 1, 1, 1.4, 0, 2, 20, 34800
2, 1, 1, 1.4, 0, 2, 20, 45000
2, 1, 1, 1.4, 0, 3, 20, 9300
2, 1, 1, 1.4, 0, 1, 20, 52200
2, 1, 1, 1.4, 0, 2, 20, 27300
2, 1, 1, 1.4, 0, 3, 20, 10600
2, 1, 1, 1.4, 0, 2, 20, 43500
2, 1, 1, 1.4, 0, 2, 20, 39300
2, 1, 1, 1.4, 0, 3, 20, 18600
2, 1, 1, 1.4, 0, 3, 20, 22700
2, 1, 1, 1.4, 0, 3, 20, 20100
2, 1, 1, 1.4, 0, 2, 20, 23900
2, 1, 1, 1.4, 0, 3, 20, 9700
2, 1, 1, 1.4, 0, 2, 20, 27700
2, 1, 1, 1.4, 0, 2, 20, 52100
2, 1, 1, 1.4, 0, 1, 20, 45000
2, 1, 1, 1.4, 0, 2, 20, 37200
2, 1, 1, 1.4, 0, 3, 20, 8400
2, 1, 1, 1.4, 0, 1, 20, 54200
2, 1, 1, 1.4, 0, 3, 20, 18800
2, 1, 1, 1.4, 0, 3, 20, 21600
2, 1, 1, 1.4, 0, 3, 20, 14900
2, 1, 1, 1.4, 0, 1, 20, 91400
2, 1, 1, 1.4, 0, 2, 20, 31100
2, 1, 1, 1.4, 0, 2, 20, 28100
2, 1, 1, 1.4, 0, 2, 20, 34800
2, 1, 1, 1.4, 0, 1, 20, 61000
2, 1, 1, 1.4, 0, 3, 20, 17400
2, 1, 1, 1.4, 0, 3, 20, 15200
2, 1, 1, 1.4, 0, 2, 20, 58500
2, 1, 1, 1.4, 0, 2, 20, 24500
2, 1, 1, 1.4, 0, 1, 20, 43200
2, 1, 1, 1.4, 0, 2, 20, 32300
2, 1, 1, 1.4, 1, 0, 17, 152470.58823529413
2, 1, 1, 1.4, 0, 2, 20, 46800
2, 1, 1, 1.4, 0, 1, 20, 65600
2, 1, 1, 1.4, 0, 2, 20, 29800
2, 1, 1, 1.4, 0, 2, 20, 36500
2, 1, 1, 1.4, 0, 2, 20, 28100
2, 1, 1, 1.4, 0, 1, 20, 66500
2, 1, 3, 1.4, 0, 3, 20, 32200
2, 1, 3, 1.4, 0, 2, 20, 33500
2, 1, 3, 1.4, 0, 1, 20, 55600
2, 1, 3, 1.4, 0, 1, 20, 63700
2, 1, 3, 1.4, 0, 3, 20, 12300
2, 1, 3, 1.4, 0, 1, 20, 102500
2, 1, 3, 1.4, 0, 2, 20, 41700
2, 1, 3, 1.4, 0, 3, 20, 12800
2, 1, 3, 1.4, 0, 3, 20, 19900
2, 1, 3, 1.4, 0, 3, 20, 9100
2, 1, 3, 1.4, 0, 2, 20, 31700
2, 1, 3, 1.4, 0, 2, 20, 25700
2, 1, 3, 1.4, 0, 1, 20, 48000
2, 1, 3, 1.4, 0, 3, 20, 17000
2, 1, 3, 1.4, 0, 2, 20, 30200
2, 1, 3, 1.4, 0, 1, 20, 76800
2, 1, 3, 1.4, 0, 2, 20, 24600
2, 1, 3, 1.4, 0, 3, 20, 21000
2, 1, 3, 1.4, 1, 0, 19, 83789.47368421053
2, 1, 3, 1.4, 0, 1, 20, 79100
2, 1, 3, 1.4, 0, 1, 20, 44900
2, 1, 3, 1.4, 0, 2, 20, 28400
2, 1, 3, 1.4, 0, 3, 20, 11200
2, 1, 3, 1.4, 0, 3, 20, 9700
2, 1, 3, 1.4, 0, 2, 20, 40900
2, 1, 3, 1.4, 0, 1, 20, 65100
2, 1, 3, 1.4, 0, 2, 20, 47100
2, 1, 3, 1.4, 0, 2, 20, 32000
2, 1, 3, 1.4, 0, 3, 20, 10600
2, 1, 3, 1.4, 0, 3, 20, 18900
2, 1, 3, 1.4, 0, 2, 20, 27900
2, 1, 3, 1.4, 0, 2, 20, 27800
2, 1, 3, 1.4, 0, 1, 20, 62300
2, 1, 3, 1.4, 0, 2, 20, 42800
2, 1, 3, 1.4, 0, 2, 20, 51400
2, 1, 3, 1.4, 0, 2, 20, 37300
2, 1, 3, 1.4, 0, 2, 20, 29500
2, 1, 3, 1.4, 0, 2, 20, 24400
2, 1, 3, 1.4, 0, 2, 20, 36000
2, 1, 3, 1.4, 0, 1, 20, 84400
2, 1, 3, 1.4, 1, 0, 16, 257625.0
2, 1, 3, 1.4, 0, 3, 20, 17900
2, 1, 3, 1.4, 0, 1, 20, 58600
2, 1, 3, 1.4, 0, 2, 20, 32200
2, 1, 3, 1.4, 0, 1, 20, 69600
2, 1, 3, 1.4, 0, 3, 20, 15100
2, 1, 3, 1.4, 0, 2, 20, 92900
2, 1, 3, 1.4, 0, 3, 20, 13500
2, 1, 3, 1.4, 0, 3, 20, 15100
2, 1, 3, 1.4, 0, 3, 20, 20400
2, 1, 3, 1.4, 0, 3, 20, 15800
2, 1, 3, 1.4, 0, 3, 20, 9700
2, 1, 3, 1.4, 0, 2, 20, 31100
2, 1, 3, 1.4, 0, 2, 20, 34800
2, 1, 3, 1.4, 0, 2, 20, 42100
2, 1, 3, 1.4, 0, 3, 20, 20200
2, 1, 3, 1.4, 0, 1, 20, 82700
2, 1, 3, 1.4, 0, 2, 20, 71400
2, 1, 3, 1.4, 0, 1, 20, 79500
2, 1, 3, 1.4, 0, 2, 20, 34600
2, 1, 3, 1.4, 1, 0, 18, 92333.33333333333
2, 1, 3, 1.4, 0, 3, 20, 21500
2, 1, 3, 1.4, 0, 3, 20, 10800
2, 1, 3, 1.4, 0, 2, 20, 31700
2, 1, 3, 1.4, 0, 3, 20, 14400
2, 1, 3, 1.4, 0, 2, 20, 31500
2, 1, 3, 1.4, 0, 3, 20, 20600
2, 1, 3, 1.4, 0, 2, 20, 32100
2, 1, 3, 1.4, 0, 2, 20, 31100
2, 1, 3, 1.4, 0, 3, 20, 16800
2, 1, 3, 1.4, 0, 2, 20, 52200
2, 1, 3, 1.4, 0, 3, 20, 14600
2, 1, 3, 1.4, 0, 3, 20, 16600
2, 1, 3, 1.4, 1, 0, 19, 81684.21052631579
2, 1, 3, 1.4, 0, 2, 20, 32500
2, 1, 3, 1.4, 0, 2, 20, 28300
2, 1, 3, 1.4, 0, 3, 20, 8500
2, 1, 3, 1.4, 0, 2, 20, 36100
2, 1, 3, 1.4, 0, 1, 20, 48600
2, 1, 3, 1.4, 0, 3, 20, 14000
2, 1, 3, 1.4, 0, 3, 20, 11000
2, 1, 3, 1.4, 0, 3, 20, 13500
2, 1, 3, 1.4, 0, 3, 20, 10300
2, 1, 3, 1.4, 0, 1, 20, 49200
2, 1, 3, 1.4, 0, 3, 20, 14100
2, 1, 3, 1.4, 1, 0, 18, 68333.33333333333
2, 1, 3, 1.4, 0, 3, 20, 12100
2, 1, 3, 1.4, 0, 3, 20, 21300
2, 1, 3, 1.4, 0, 2, 20, 57500
2, 1, 3, 1.4, 0, 1, 20, 124700
2, 1, 3, 1.4, 0, 2, 20, 45500
2, 1, 3, 1.4, 0, 3, 20, 8800
2, 1, 3, 1.4, 0, 2, 20, 30000
2, 1, 3, 1.4, 0, 2, 20, 48200
2, 1, 3, 1.4, 0, 2, 20, 48100
2, 1, 3, 1.4, 0, 2, 20, 49700
2, 1, 3, 1.4, 0, 3, 20, 14600
2, 1, 3, 1.4, 0, 2, 20, 71600
2, 1, 3, 1.4, 0, 2, 20, 42000
2, 1, 3, 1.4, 0, 2, 20, 35400
2, 1, 5, 1.4, 0, 2, 20, 34900
2, 1, 5, 1.4, 0, 3, 20, 11100
2, 1, 5, 1.4, 0, 2, 20, 38100
2, 1, 5, 1.4, 0, 3, 20, 16800
2, 1, 5, 1.4, 0, 3, 20, 13400
2, 1, 5, 1.4, 0, 3, 20, 24900
2, 1, 5, 1.4, 0, 2, 20, 35200
2, 1, 5, 1.4, 0, 3, 20, 22900
2, 1, 5, 1.4, 0, 3, 20, 10500
2, 1, 5, 1.4, 0, 3, 20, 15500
2, 1, 5, 1.4, 0, 2, 20, 40200
2, 1, 5, 1.4, 0, 3, 20, 18500
2, 1, 5, 1.4, 0, 2, 20, 27400
2, 1, 5, 1.4, 0, 3, 20, 16300
2, 1, 5, 1.4, 0, 3, 20, 17300
2, 1, 5, 1.4, 0, 2, 20, 36200
2, 1, 5, 1.4, 0, 3, 20, 21400
2, 1, 5, 1.4, 0, 2, 20, 33600
2, 1, 5, 1.4, 0, 3, 20, 14200
2, 1, 5, 1.4, 0, 2, 20, 39500
2, 1, 5, 1.4, 0, 2, 20, 28100
2, 1, 5, 1.4, 0, 1, 20, 77800
2, 1, 5, 1.4, 0, 3, 20, 11100
2, 1, 5, 1.4, 0, 1, 20, 77600
2, 1, 5, 1.4, 1, 0, 16, 95000.0
2, 1, 5, 1.4, 0, 2, 20, 41400
2, 1, 5, 1.4, 0, 2, 20, 25000
2, 1, 5, 1.4, 0, 2, 20, 64600
2, 1, 5, 1.4, 0, 1, 20, 71100
2, 1, 5, 1.4, 0, 1, 20, 50900
2, 1, 5, 1.4, 0, 3, 20, 16100
2, 1, 5, 1.4, 0, 3, 20, 8400
2, 1, 5, 1.4, 0, 2, 20, 60900
2, 1, 5, 1.4, 0, 3, 20, 21200
2, 1, 5, 1.4, 0, 3, 20, 13900
2, 1, 5, 1.4, 0, 1, 20, 49000
2, 1, 5, 1.4, 0, 3, 20, 10400
2, 1, 5, 1.4, 0, 3, 20, 14400
2, 1, 5, 1.4, 0, 2, 20, 29300
2, 1, 5, 1.4, 0, 2, 20, 29400
2, 1, 5, 1.4, 0, 2, 20, 29800
2, 1, 5, 1.4, 0, 1, 20, 48800
2, 1, 5, 1.4, 0, 3, 20, 15200
2, 1, 5, 1.4, 0, 3, 20, 12000
2, 1, 5, 1.4, 0, 3, 20, 15600
2, 1, 5, 1.4, 0, 2, 20, 45000
2, 1, 5, 1.4, 0, 2, 20, 31700
2, 1, 5, 1.4, 0, 2, 20, 63300
2, 1, 5, 1.4, 0, 3, 20, 13300
2, 1, 5, 1.4, 0, 2, 20, 34300
2, 1, 5, 1.4, 0, 2, 20, 53000
2, 1, 5, 1.4, 0, 3, 20, 8200
2, 1, 5, 1.4, 0, 3, 20, 9400
2, 1, 5, 1.4, 0, 2, 20, 29600
2, 1, 5, 1.4, 0, 2, 20, 41900
2, 1, 5, 1.4, 0, 2, 20, 29000
2, 1, 5, 1.4, 0, 2, 20, 46400
2, 1, 5, 1.4, 0, 3, 20, 17300
2, 1, 5, 1.4, 0, 2, 20, 36200
2, 1, 5, 1.4, 0, 3, 20, 16400
2, 1, 5, 1.4, 0, 3, 20, 11100
2, 1, 5, 1.4, 0, 2, 20, 46000
2, 1, 5, 1.4, 0, 3, 20, 13000
2, 1, 5, 1.4, 0, 1, 20, 77700
2, 1, 5, 1.4, 0, 3, 20, 12100
2, 1, 5, 1.4, 0, 2, 20, 43300
2, 1, 5, 1.4, 0, 3, 20, 12300
2, 1, 5, 1.4, 0, 3, 20, 9700
2, 1, 5, 1.4, 0, 2, 20, 31000
2, 1, 5, 1.4, 0, 3, 20, 15900
2, 1, 5, 1.4, 0, 3, 20, 13900
2, 1, 5, 1.4, 0, 3, 20, 8700
2, 1, 5, 1.4, 0, 2, 20, 59500
2, 1, 5, 1.4, 0, 3, 20, 10200
2, 1, 5, 1.4, 0, 3, 20, 17200
2, 1, 5, 1.4, 0, 2, 20, 46300
2, 1, 5, 1.4, 0, 2, 20, 52300
2, 1, 5, 1.4, 0, 2, 20, 47800
2, 1, 5, 1.4, 0, 2, 20, 27600
2, 1, 5, 1.4, 0, 3, 20, 10900
2, 1, 5, 1.4, 0, 1, 20, 68300
2, 1, 5, 1.4, 0, 3, 20, 10200
2, 1, 5, 1.4, 0, 3, 20, 15300
2, 1, 5, 1.4, 0, 2, 20, 33500
2, 1, 5, 1.4, 0, 3, 20, 18200
2, 1, 5, 1.4, 0, 2, 20, 48600
2, 1, 5, 1.4, 0, 2, 20, 30600
2, 1, 5, 1.4, 0, 3, 20, 14000
2, 1, 5, 1.4, 0, 2, 20, 28600
2, 1, 5, 1.4, 0, 1, 20, 145100
2, 1, 5, 1.4, 0, 3, 20, 17200
2, 1, 5, 1.4, 1, 0, 20, 81200.0
2, 1, 5, 1.4, 0, 3, 20, 12500
2, 1, 5, 1.4, 0, 2, 20, 26400
2, 1, 5, 1.4, 0, 1, 20, 61000
2, 1, 5, 1.4, 0, 1, 20, 73000
2, 1, 5, 1.4, 0, 3, 20, 12300
2, 1, 5, 1.4, 0, 1, 20, 43700
2, 1, 5, 1.4, 0, 2, 20, 27100
2, 1, 5, 1.4, 0, 3, 20, 15300
2, 1, 10, 1.4, 0, 3, 20, 21500
2, 1, 10, 1.4, 1, 0, 14, 195428.57142857142
2, 1, 10, 1.4, 0, 2, 20, 27900
2, 1, 10, 1.4, 0, 2, 20, 27700
2, 1, 10, 1.4, 0, 2, 20, 70100
2, 1, 10, 1.4, 0, 2, 20, 32900
2, 1, 10, 1.4, 0, 1, 20, 123600
2, 1, 10, 1.4, 0, 1, 20, 79200
2, 1, 10, 1.4, 0, 3, 20, 30300
2, 1, 10, 1.4, 0, 3, 20, 12400
2, 1, 10, 1.4, 0, 3, 20, 10400
2, 1, 10, 1.4, 1, 0, 19, 83263.15789473684
2, 1, 10, 1.4, 0, 2, 20, 31900
2, 1, 10, 1.4, 1, 0, 20, 75100.0
2, 1, 10, 1.4, 0, 2, 20, 27300
2, 1, 10, 1.4, 0, 2, 20, 35700
2, 1, 10, 1.4, 0, 2, 20, 47600
2, 1, 10, 1.4, 0, 2, 20, 113700
2, 1, 10, 1.4, 0, 1, 20, 84600
2, 1, 10, 1.4, 0, 3, 20, 9200
2, 1, 10, 1.4, 0, 1, 20, 72800
2, 1, 10, 1.4, 0, 1, 20, 50800
2, 1, 10, 1.4, 0, 1, 20, 51800
2, 1, 10, 1.4, 0, 3, 20, 9000
2, 1, 10, 1.4, 0, 1, 20, 69900
2, 1, 10, 1.4, 0, 2, 20, 26900
2, 1, 10, 1.4, 0, 1, 20, 102100
2, 1, 10, 1.4, 0, 3, 20, 14500
2, 1, 10, 1.4, 0, 3, 20, 11900
2, 1, 10, 1.4, 0, 2, 20, 30700
2, 1, 10, 1.4, 0, 2, 20, 27400
2, 1, 10, 1.4, 0, 2, 20, 41900
2, 1, 10, 1.4, 0, 2, 20, 26200
2, 1, 10, 1.4, 0, 3, 20, 17900
2, 1, 10, 1.4, 0, 3, 20, 11900
2, 1, 10, 1.4, 1, 0, 20, 62700.0
2, 1, 10, 1.4, 0, 2, 20, 51700
2, 1, 10, 1.4, 0, 3, 20, 20500
2, 1, 10, 1.4, 0, 1, 20, 58400
2, 1, 10, 1.4, 0, 2, 20, 27800
2, 1, 10, 1.4, 0, 3, 20, 13200
2, 1, 10, 1.4, 0, 2, 20, 27500
2, 1, 10, 1.4, 0, 3, 20, 16000
2, 1, 10, 1.4, 0, 2, 20, 34100
2, 1, 10, 1.4, 0, 2, 20, 32800
2, 1, 10, 1.4, 0, 1, 20, 58800
2, 1, 10, 1.4, 0, 3, 20, 11700
2, 1, 10, 1.4, 0, 2, 20, 45000
2, 1, 10, 1.4, 0, 3, 20, 11000
2, 1, 10, 1.4, 0, 3, 20, 17500
2, 1, 10, 1.4, 0, 3, 20, 14400
2, 1, 10, 1.4, 0, 1, 20, 51600
2, 1, 10, 1.4, 0, 1, 20, 43500
2, 1, 10, 1.4, 0, 3, 20, 16700
2, 1, 10, 1.4, 0, 2, 20, 41500
2, 1, 10, 1.4, 0, 2, 20, 32100
2, 1, 10, 1.4, 0, 1, 20, 46800
2, 1, 10, 1.4, 0, 2, 20, 70600
2, 1, 10, 1.4, 0, 3, 20, 18400
2, 1, 10, 1.4, 0, 3, 20, 13000
2, 1, 10, 1.4, 0, 3, 20, 14700
2, 1, 10, 1.4, 0, 3, 20, 8100
2, 1, 10, 1.4, 0, 3, 20, 14400
2, 1, 10, 1.4, 0, 2, 20, 31600
2, 1, 10, 1.4, 0, 2, 20, 35200
2, 1, 10, 1.4, 0, 3, 20, 10900
2, 1, 10, 1.4, 0, 2, 20, 34600
2, 1, 10, 1.4, 0, 3, 20, 11900
2, 1, 10, 1.4, 0, 2, 20, 32600
2, 1, 10, 1.4, 0, 3, 20, 12600
2, 1, 10, 1.4, 0, 3, 20, 13600
2, 1, 10, 1.4, 0, 2, 20, 27100
2, 1, 10, 1.4, 0, 3, 20, 17600
2, 1, 10, 1.4, 0, 3, 20, 12000
2, 1, 10, 1.4, 0, 3, 20, 9600
2, 1, 10, 1.4, 0, 2, 20, 34200
2, 1, 10, 1.4, 0, 2, 20, 38100
2, 1, 10, 1.4, 0, 2, 20, 56700
2, 1, 10, 1.4, 0, 2, 20, 51700
2, 1, 10, 1.4, 0, 2, 20, 30200
2, 1, 10, 1.4, 0, 2, 20, 39700
2, 1, 10, 1.4, 0, 3, 20, 14200
2, 1, 10, 1.4, 0, 3, 20, 22800
2, 1, 10, 1.4, 0, 2, 20, 33300
2, 1, 10, 1.4, 0, 3, 20, 9300
2, 1, 10, 1.4, 0, 3, 20, 19900
2, 1, 10, 1.4, 0, 2, 20, 26600
2, 1, 10, 1.4, 0, 1, 20, 53500
2, 1, 10, 1.4, 0, 3, 20, 18100
2, 1, 10, 1.4, 0, 2, 20, 23900
2, 1, 10, 1.4, 1, 0, 18, 70777.77777777778
2, 1, 10, 1.4, 1, 0, 20, 67700.0
2, 1, 10, 1.4, 0, 2, 20, 46100
2, 1, 10, 1.4, 0, 2, 20, 27100
2, 1, 10, 1.4, 0, 2, 20, 49800
2, 1, 10, 1.4, 0, 2, 20, 96600
2, 1, 10, 1.4, 0, 3, 20, 15200
2, 1, 10, 1.4, 0, 1, 20, 69700
2, 1, 10, 1.4, 0, 3, 20, 12900
2, 1, 10, 1.4, 0, 3, 20, 14700
2, 1, 20, 1.4, 0, 3, 20, 11800
2, 1, 20, 1.4, 1, 0, 17, 205058.82352941175
2, 1, 20, 1.4, 0, 3, 20, 21700
2, 1, 20, 1.4, 0, 2, 20, 66500
2, 1, 20, 1.4, 0, 3, 20, 13500
2, 1, 20, 1.4, 0, 2, 20, 35500
2, 1, 20, 1.4, 0, 2, 20, 28200
2, 1, 20, 1.4, 0, 2, 20, 30900
2, 1, 20, 1.4, 0, 1, 20, 46100
2, 1, 20, 1.4, 0, 1, 20, 94300
2, 1, 20, 1.4, 0, 2, 20, 93600
2, 1, 20, 1.4, 0, 2, 20, 34800
2, 1, 20, 1.4, 0, 3, 20, 15900
2, 1, 20, 1.4, 0, 2, 20, 27800
2, 1, 20, 1.4, 0, 3, 20, 21500
2, 1, 20, 1.4, 0, 1, 20, 46700
2, 1, 20, 1.4, 0, 2, 20, 29100
2, 1, 20, 1.4, 0, 2, 20, 40400
2, 1, 20, 1.4, 0, 3, 20, 16300
2, 1, 20, 1.4, 0, 2, 20, 85500
2, 1, 20, 1.4, 0, 2, 20, 45100
2, 1, 20, 1.4, 0, 2, 20, 34800
2, 1, 20, 1.4, 0, 3, 20, 12800
2, 1, 20, 1.4, 0, 3, 20, 15500
2, 1, 20, 1.4, 0, 2, 20, 27700
2, 1, 20, 1.4, 0, 1, 20, 48400
2, 1, 20, 1.4, 0, 2, 20, 33500
2, 1, 20, 1.4, 0, 2, 20, 33800
2, 1, 20, 1.4, 0, 3, 20, 16200
2, 1, 20, 1.4, 0, 3, 20, 8300
2, 1, 20, 1.4, 0, 3, 20, 19300
2, 1, 20, 1.4, 0, 1, 20, 57200
2, 1, 20, 1.4, 0, 3, 20, 12500
2, 1, 20, 1.4, 0, 3, 20, 15400
2, 1, 20, 1.4, 0, 2, 20, 26500
2, 1, 20, 1.4, 0, 3, 20, 11400
2, 1, 20, 1.4, 0, 2, 20, 30100
2, 1, 20, 1.4, 0, 2, 20, 28300
2, 1, 20, 1.4, 0, 3, 20, 15400
2, 1, 20, 1.4, 0, 2, 20, 28600
2, 1, 20, 1.4, 0, 2, 20, 29800
2, 1, 20, 1.4, 0, 3, 20, 22100
2, 1, 20, 1.4, 0, 2, 20, 30200
2, 1, 20, 1.4, 0, 3, 20, 14200
2, 1, 20, 1.4, 0, 1, 20, 72800
2, 1, 20, 1.4, 0, 3, 20, 14700
2, 1, 20, 1.4, 0, 2, 20, 41600
2, 1, 20, 1.4, 0, 3, 20, 15500
2, 1, 20, 1.4, 0, 2, 20, 33800
2, 1, 20, 1.4, 0, 2, 20, 29700
2, 1, 20, 1.4, 0, 2, 20, 29000
2, 1, 20, 1.4, 0, 1, 20, 45300
2, 1, 20, 1.4, 0, 2, 20, 41600
2, 1, 20, 1.4, 0, 3, 20, 10100
2, 1, 20, 1.4, 0, 3, 20, 9400
2, 1, 20, 1.4, 0, 2, 20, 36500
2, 1, 20, 1.4, 0, 1, 20, 76800
2, 1, 20, 1.4, 0, 2, 20, 73500
2, 1, 20, 1.4, 0, 2, 20, 30000
2, 1, 20, 1.4, 0, 2, 20, 32000
2, 1, 20, 1.4, 0, 3, 20, 17100
2, 1, 20, 1.4, 0, 2, 20, 49100
2, 1, 20, 1.4, 0, 1, 20, 59000
2, 1, 20, 1.4, 0, 2, 20, 40900
2, 1, 20, 1.4, 0, 2, 20, 30500
2, 1, 20, 1.4, 0, 2, 20, 33400
2, 1, 20, 1.4, 0, 2, 20, 81000
2, 1, 20, 1.4, 0, 1, 20, 65000
2, 1, 20, 1.4, 0, 1, 20, 101000
2, 1, 20, 1.4, 1, 0, 20, 69800.0
2, 1, 20, 1.4, 1, 0, 10, 261600.0
2, 1, 20, 1.4, 0, 2, 20, 32200
2, 1, 20, 1.4, 0, 2, 20, 44300
2, 1, 20, 1.4, 0, 2, 20, 28300
2, 1, 20, 1.4, 0, 2, 20, 30100
2, 1, 20, 1.4, 0, 3, 20, 12200
2, 1, 20, 1.4, 0, 2, 20, 43700
2, 1, 20, 1.4, 0, 2, 20, 42600
2, 1, 20, 1.4, 0, 2, 20, 41700
2, 1, 20, 1.4, 0, 2, 20, 46500
2, 1, 20, 1.4, 0, 2, 20, 30900
2, 1, 20, 1.4, 0, 1, 20, 76000
2, 1, 20, 1.4, 0, 3, 20, 16200
2, 1, 20, 1.4, 0, 1, 20, 47400
2, 1, 20, 1.4, 0, 1, 20, 66600
2, 1, 20, 1.4, 0, 3, 20, 15900
2, 1, 20, 1.4, 0, 1, 20, 47000
2, 1, 20, 1.4, 0, 1, 20, 65000
2, 1, 20, 1.4, 0, 3, 20, 13100
2, 1, 20, 1.4, 0, 3, 20, 32800
2, 1, 20, 1.4, 0, 1, 20, 74400
2, 1, 20, 1.4, 0, 1, 20, 47900
2, 1, 20, 1.4, 1, 0, 18, 95666.66666666667
2, 1, 20, 1.4, 0, 3, 20, 15500
2, 1, 20, 1.4, 0, 3, 20, 16000
2, 1, 20, 1.4, 0, 3, 20, 10400
2, 1, 20, 1.4, 0, 2, 20, 38200
2, 1, 20, 1.4, 0, 3, 20, 16700
2, 1, 20, 1.4, 0, 3, 20, 17100
2, 1, 20, 1.4, 0, 2, 20, 35800
2, 3, 1, 1.4, 0, 3, 20, 19600
2, 3, 1, 1.4, 0, 3, 20, 8600
2, 3, 1, 1.4, 0, 3, 20, 13100
2, 3, 1, 1.4, 0, 3, 20, 14200
2, 3, 1, 1.4, 0, 3, 20, 16200
2, 3, 1, 1.4, 0, 3, 20, 14600
2, 3, 1, 1.4, 0, 3, 20, 15200
2, 3, 1, 1.4, 0, 3, 20, 14800
2, 3, 1, 1.4, 0, 3, 20, 9600
2, 3, 1, 1.4, 0, 3, 20, 10200
2, 3, 1, 1.4, 0, 2, 20, 78300
2, 3, 1, 1.4, 0, 2, 20, 47600
2, 3, 1, 1.4, 0, 3, 20, 15300
2, 3, 1, 1.4, 0, 3, 20, 13800
2, 3, 1, 1.4, 0, 1, 20, 42300
2, 3, 1, 1.4, 0, 2, 20, 29000
2, 3, 1, 1.4, 0, 3, 20, 10500
2, 3, 1, 1.4, 0, 3, 20, 8600
2, 3, 1, 1.4, 0, 3, 20, 8200
2, 3, 1, 1.4, 0, 3, 20, 12400
2, 3, 1, 1.4, 0, 2, 20, 31900
2, 3, 1, 1.4, 0, 3, 20, 26100
2, 3, 1, 1.4, 0, 2, 20, 100400
2, 3, 1, 1.4, 0, 3, 20, 15600
2, 3, 1, 1.4, 0, 3, 20, 12400
2, 3, 1, 1.4, 0, 3, 20, 16200
2, 3, 1, 1.4, 0, 3, 20, 11500
2, 3, 1, 1.4, 0, 2, 20, 29900
2, 3, 1, 1.4, 0, 3, 20, 11200
2, 3, 1, 1.4, 0, 3, 20, 10000
2, 3, 1, 1.4, 0, 2, 20, 47400
2, 3, 1, 1.4, 0, 2, 20, 29300
2, 3, 1, 1.4, 0, 3, 20, 12700
2, 3, 1, 1.4, 0, 3, 20, 15200
2, 3, 1, 1.4, 0, 3, 20, 17100
2, 3, 1, 1.4, 0, 3, 20, 11700
2, 3, 1, 1.4, 0, 3, 20, 11100
2, 3, 1, 1.4, 0, 3, 20, 14100
2, 3, 1, 1.4, 0, 3, 20, 45100
2, 3, 1, 1.4, 0, 2, 20, 28800
2, 3, 1, 1.4, 0, 3, 20, 9200
2, 3, 1, 1.4, 0, 3, 20, 10200
2, 3, 1, 1.4, 0, 2, 20, 70800
2, 3, 1, 1.4, 0, 2, 20, 24800
2, 3, 1, 1.4, 0, 3, 20, 11300
2, 3, 1, 1.4, 0, 3, 20, 8100
2, 3, 1, 1.4, 0, 3, 20, 12900
2, 3, 1, 1.4, 0, 3, 20, 20300
2, 3, 1, 1.4, 0, 3, 20, 7200
2, 3, 1, 1.4, 0, 2, 20, 26500
2, 3, 1, 1.4, 0, 3, 20, 13700
2, 3, 1, 1.4, 0, 1, 20, 45600
2, 3, 1, 1.4, 0, 3, 20, 10200
2, 3, 1, 1.4, 0, 3, 20, 9300
2, 3, 1, 1.4, 0, 3, 20, 12500
2, 3, 1, 1.4, 0, 3, 20, 10700
2, 3, 1, 1.4, 0, 3, 20, 11700
2, 3, 1, 1.4, 0, 3, 20, 11300
2, 3, 1, 1.4, 0, 3, 20, 11000
2, 3, 1, 1.4, 0, 3, 20, 12400
2, 3, 1, 1.4, 0, 3, 20, 10300
2, 3, 1, 1.4, 0, 3, 20, 11900
2, 3, 1, 1.4, 0, 2, 20, 47400
2, 3, 1, 1.4, 0, 2, 20, 25600
2, 3, 1, 1.4, 0, 3, 20, 14100
2, 3, 1, 1.4, 0, 3, 20, 8700
2, 3, 1, 1.4, 0, 2, 20, 25600
2, 3, 1, 1.4, 0, 3, 20, 14200
2, 3, 1, 1.4, 0, 3, 20, 14900
2, 3, 1, 1.4, 0, 3, 20, 7000
2, 3, 1, 1.4, 0, 2, 20, 25600
2, 3, 1, 1.4, 0, 3, 20, 8400
2, 3, 1, 1.4, 0, 3, 20, 11600
2, 3, 1, 1.4, 0, 2, 20, 47600
2, 3, 1, 1.4, 0, 3, 20, 13700
2, 3, 1, 1.4, 0, 3, 20, 11900
2, 3, 1, 1.4, 0, 2, 20, 29700
2, 3, 1, 1.4, 0, 3, 20, 16900
2, 3, 1, 1.4, 0, 3, 20, 18400
2, 3, 1, 1.4, 0, 3, 20, 14800
2, 3, 1, 1.4, 0, 3, 20, 13000
2, 3, 1, 1.4, 0, 3, 20, 11700
2, 3, 1, 1.4, 0, 3, 20, 16600
2, 3, 1, 1.4, 0, 3, 20, 9500
2, 3, 1, 1.4, 0, 2, 20, 26500
2, 3, 1, 1.4, 0, 3, 20, 10600
2, 3, 1, 1.4, 0, 3, 20, 11200
2, 3, 1, 1.4, 0, 2, 20, 36200
2, 3, 1, 1.4, 0, 3, 20, 23700
2, 3, 1, 1.4, 0, 2, 20, 33800
2, 3, 1, 1.4, 0, 3, 20, 7900
2, 3, 1, 1.4, 0, 3, 20, 13800
2, 3, 1, 1.4, 0, 2, 20, 44300
2, 3, 1, 1.4, 0, 3, 20, 8500
2, 3, 1, 1.4, 0, 2, 20, 30400
2, 3, 1, 1.4, 0, 3, 20, 10900
2, 3, 1, 1.4, 0, 3, 20, 10200
2, 3, 1, 1.4, 0, 3, 20, 12000
2, 3, 1, 1.4, 0, 3, 20, 16600
2, 3, 1, 1.4, 0, 2, 20, 25400
2, 3, 3, 1.4, 0, 3, 20, 14000
2, 3, 3, 1.4, 0, 3, 20, 11200
2, 3, 3, 1.4, 0, 2, 20, 31300
2, 3, 3, 1.4, 0, 3, 20, 29700
2, 3, 3, 1.4, 0, 2, 20, 31200
2, 3, 3, 1.4, 0, 3, 20, 11600
2, 3, 3, 1.4, 0, 2, 20, 35300
2, 3, 3, 1.4, 0, 3, 20, 14200
2, 3, 3, 1.4, 0, 1, 20, 54500
2, 3, 3, 1.4, 0, 3, 20, 21300
2, 3, 3, 1.4, 0, 3, 20, 11500
2, 3, 3, 1.4, 0, 3, 20, 20700
2, 3, 3, 1.4, 0, 3, 20, 11400
2, 3, 3, 1.4, 0, 2, 20, 106900
2, 3, 3, 1.4, 0, 1, 20, 75300
2, 3, 3, 1.4, 0, 3, 20, 25400
2, 3, 3, 1.4, 0, 2, 20, 55600
2, 3, 3, 1.4, 0, 2, 20, 44500
2, 3, 3, 1.4, 0, 3, 20, 11200
2, 3, 3, 1.4, 0, 2, 20, 42600
2, 3, 3, 1.4, 0, 3, 20, 12600
2, 3, 3, 1.4, 0, 3, 20, 11000
2, 3, 3, 1.4, 0, 3, 20, 11200
2, 3, 3, 1.4, 0, 3, 20, 14000
2, 3, 3, 1.4, 0, 3, 20, 17700
2, 3, 3, 1.4, 0, 3, 20, 18300
2, 3, 3, 1.4, 0, 2, 20, 32500
2, 3, 3, 1.4, 0, 2, 20, 30600
2, 3, 3, 1.4, 0, 3, 20, 12800
2, 3, 3, 1.4, 0, 3, 20, 17000
2, 3, 3, 1.4, 0, 3, 20, 13300
2, 3, 3, 1.4, 0, 2, 20, 39100
2, 3, 3, 1.4, 0, 2, 20, 25900
2, 3, 3, 1.4, 0, 3, 20, 13600
2, 3, 3, 1.4, 0, 3, 20, 14500
2, 3, 3, 1.4, 0, 3, 20, 15200
2, 3, 3, 1.4, 0, 3, 20, 11500
2, 3, 3, 1.4, 0, 1, 20, 44500
2, 3, 3, 1.4, 0, 2, 20, 44700
2, 3, 3, 1.4, 0, 3, 20, 17100
2, 3, 3, 1.4, 0, 3, 20, 19200
2, 3, 3, 1.4, 0, 3, 20, 9900
2, 3, 3, 1.4, 0, 3, 20, 11100
2, 3, 3, 1.4, 0, 3, 20, 14400
2, 3, 3, 1.4, 0, 3, 20, 13000
2, 3, 3, 1.4, 0, 2, 20, 31300
2, 3, 3, 1.4, 0, 3, 20, 14700
2, 3, 3, 1.4, 0, 1, 20, 67200
2, 3, 3, 1.4, 0, 3, 20, 11900
2, 3, 3, 1.4, 0, 2, 20, 39000
2, 3, 3, 1.4, 0, 2, 20, 48800
2, 3, 3, 1.4, 0, 3, 20, 14000
2, 3, 3, 1.4, 0, 3, 20, 12100
2, 3, 3, 1.4, 0, 2, 20, 38800
2, 3, 3, 1.4, 0, 3, 20, 23900
2, 3, 3, 1.4, 0, 3, 20, 9800
2, 3, 3, 1.4, 0, 3, 20, 12000
2, 3, 3, 1.4, 0, 3, 20, 15000
2, 3, 3, 1.4, 0, 2, 20, 31000
2, 3, 3, 1.4, 0, 3, 20, 7800
2, 3, 3, 1.4, 0, 3, 20, 18100
2, 3, 3, 1.4, 0, 2, 20, 37000
2, 3, 3, 1.4, 0, 3, 20, 15400
2, 3, 3, 1.4, 0, 3, 20, 11500
2, 3, 3, 1.4, 0, 2, 20, 30000
2, 3, 3, 1.4, 0, 3, 20, 12300
2, 3, 3, 1.4, 0, 3, 20, 11500
2, 3, 3, 1.4, 0, 2, 20, 30100
2, 3, 3, 1.4, 0, 3, 20, 19200
2, 3, 3, 1.4, 0, 3, 20, 14600
2, 3, 3, 1.4, 0, 3, 20, 11200
2, 3, 3, 1.4, 0, 3, 20, 18800
2, 3, 3, 1.4, 0, 3, 20, 12100
2, 3, 3, 1.4, 0, 3, 20, 14300
2, 3, 3, 1.4, 0, 2, 20, 38900
2, 3, 3, 1.4, 0, 3, 20, 20100
2, 3, 3, 1.4, 0, 3, 20, 9500
2, 3, 3, 1.4, 0, 2, 20, 32000
2, 3, 3, 1.4, 0, 3, 20, 19100
2, 3, 3, 1.4, 0, 3, 20, 22600
2, 3, 3, 1.4, 0, 3, 20, 11200
2, 3, 3, 1.4, 0, 2, 20, 29300
2, 3, 3, 1.4, 0, 2, 20, 29100
2, 3, 3, 1.4, 0, 3, 20, 17900
2, 3, 3, 1.4, 0, 1, 20, 69700
2, 3, 3, 1.4, 0, 2, 20, 32600
2, 3, 3, 1.4, 0, 2, 20, 28700
2, 3, 3, 1.4, 0, 2, 20, 30900
2, 3, 3, 1.4, 1, 0, 18, 75111.11111111111
2, 3, 3, 1.4, 0, 1, 20, 45000
2, 3, 3, 1.4, 0, 3, 20, 19100
2, 3, 3, 1.4, 0, 2, 20, 27000
2, 3, 3, 1.4, 0, 3, 20, 15400
2, 3, 3, 1.4, 0, 3, 20, 10000
2, 3, 3, 1.4, 0, 3, 20, 9600
2, 3, 3, 1.4, 0, 3, 20, 11000
2, 3, 3, 1.4, 0, 2, 20, 25500
2, 3, 3, 1.4, 0, 3, 20, 8100
2, 3, 3, 1.4, 0, 3, 20, 8200
2, 3, 3, 1.4, 0, 3, 20, 20000
2, 3, 5, 1.4, 0, 3, 20, 9500
2, 3, 5, 1.4, 0, 3, 20, 12900
2, 3, 5, 1.4, 0, 3, 20, 9000
2, 3, 5, 1.4, 0, 3, 20, 9300
2, 3, 5, 1.4, 0, 3, 20, 13700
2, 3, 5, 1.4, 0, 2, 20, 38600
2, 3, 5, 1.4, 0, 2, 20, 26500
2, 3, 5, 1.4, 0, 3, 20, 26900
2, 3, 5, 1.4, 0, 3, 20, 10400
2, 3, 5, 1.4, 0, 3, 20, 12900
2, 3, 5, 1.4, 0, 3, 20, 11200
2, 3, 5, 1.4, 0, 3, 20, 16700
2, 3, 5, 1.4, 0, 3, 20, 18600
2, 3, 5, 1.4, 0, 3, 20, 9500
2, 3, 5, 1.4, 0, 1, 20, 58600
2, 3, 5, 1.4, 0, 3, 20, 27200
2, 3, 5, 1.4, 0, 2, 20, 30400
2, 3, 5, 1.4, 0, 2, 20, 36400
2, 3, 5, 1.4, 0, 1, 20, 73900
2, 3, 5, 1.4, 0, 3, 20, 13100
2, 3, 5, 1.4, 0, 3, 20, 14300
2, 3, 5, 1.4, 0, 2, 20, 43600
2, 3, 5, 1.4, 0, 3, 20, 26400
2, 3, 5, 1.4, 0, 3, 20, 14900
2, 3, 5, 1.4, 0, 3, 20, 13400
2, 3, 5, 1.4, 0, 3, 20, 16600
2, 3, 5, 1.4, 0, 3, 20, 22700
2, 3, 5, 1.4, 0, 2, 20, 35400
2, 3, 5, 1.4, 0, 3, 20, 11000
2, 3, 5, 1.4, 0, 3, 20, 13700
2, 3, 5, 1.4, 0, 2, 20, 32700
2, 3, 5, 1.4, 0, 3, 20, 28600
2, 3, 5, 1.4, 0, 2, 20, 45600
2, 3, 5, 1.4, 0, 3, 20, 7600
2, 3, 5, 1.4, 0, 3, 20, 13300
2, 3, 5, 1.4, 0, 3, 20, 10900
2, 3, 5, 1.4, 0, 3, 20, 15700
2, 3, 5, 1.4, 0, 3, 20, 10800
2, 3, 5, 1.4, 0, 2, 20, 40100
2, 3, 5, 1.4, 0, 3, 20, 18300
2, 3, 5, 1.4, 0, 2, 20, 43100
2, 3, 5, 1.4, 0, 2, 20, 28300
2, 3, 5, 1.4, 0, 2, 20, 25600
2, 3, 5, 1.4, 0, 3, 20, 12500
2, 3, 5, 1.4, 0, 3, 20, 21000
2, 3, 5, 1.4, 0, 3, 20, 9700
2, 3, 5, 1.4, 0, 3, 20, 22800
2, 3, 5, 1.4, 0, 3, 20, 16900
2, 3, 5, 1.4, 0, 3, 20, 16800
2, 3, 5, 1.4, 0, 3, 20, 16300
2, 3, 5, 1.4, 0, 3, 20, 14600
2, 3, 5, 1.4, 0, 2, 20, 29500
2, 3, 5, 1.4, 0, 3, 20, 11100
2, 3, 5, 1.4, 
2, 3, 5, 1.4, 1, 0, 19, 86842.1052631579
2, 3, 5, 1.4, 0, 3, 20, 16000
2, 3, 5, 1.4, 0, 3, 20, 16400
2, 3, 5, 1.4, 0, 2, 20, 59100
2, 3, 5, 1.4, 0, 3, 20, 12200
2, 3, 5, 1.4, 0, 3, 20, 19700
2, 3, 5, 1.4, 0, 3, 20, 15200
2, 3, 5, 1.4, 0, 3, 20, 18000
2, 3, 5, 1.4, 0, 2, 20, 31500
2, 3, 5, 1.4, 0, 3, 20, 15300
2, 3, 5, 1.4, 0, 3, 20, 12400
2, 3, 5, 1.4, 0, 2, 20, 45200
2, 3, 5, 1.4, 0, 3, 20, 9900
2, 3, 5, 1.4, 0, 3, 20, 10500
2, 3, 5, 1.4, 0, 3, 20, 14300
2, 3, 5, 1.4, 0, 2, 20, 36100
2, 3, 5, 1.4, 0, 3, 20, 19800
2, 3, 5, 1.4, 0, 2, 20, 65200
2, 3, 5, 1.4, 0, 3, 20, 13200
2, 3, 5, 1.4, 0, 1, 20, 181800
2, 3, 5, 1.4, 0, 3, 20, 11800
2, 3, 5, 1.4, 0, 2, 20, 44000
2, 3, 5, 1.4, 0, 3, 20, 10300
2, 3, 5, 1.4, 0, 3, 20, 20000
2, 3, 5, 1.4, 0, 2, 20, 59200
2, 3, 5, 1.4, 0, 3, 20, 12700
2, 3, 5, 1.4, 0, 2, 20, 64700
2, 3, 5, 1.4, 0, 2, 20, 47600
2, 3, 5, 1.4, 0, 3, 20, 10400
2, 3, 5, 1.4, 0, 3, 20, 15500
2, 3, 5, 1.4, 0, 2, 20, 42800
2, 3, 5, 1.4, 0, 2, 20, 31800
2, 3, 5, 1.4, 0, 3, 20, 15000
2, 3, 5, 1.4, 0, 3, 20, 30100
2, 3, 5, 1.4, 0, 3, 20, 7900
2, 3, 5, 1.4, 0, 2, 20, 50300
2, 3, 5, 1.4, 0, 3, 20, 9100
2, 3, 5, 1.4, 0, 3, 20, 14300
2, 3, 5, 1.4, 0, 2, 20, 30800
2, 3, 5, 1.4, 0, 1, 20, 47100
2, 3, 5, 1.4, 0, 3, 20, 12900
2, 3, 5, 1.4, 0, 3, 20, 15900
2, 3, 5, 1.4, 0, 1, 20, 89500
2, 3, 5, 1.4, 0, 2, 20, 26800
2, 3, 5, 1.4, 0, 3, 20, 9800
2, 3, 5, 1.4, 0, 3, 20, 12800
2, 3, 10, 1.4, 0, 2, 20, 27700
2, 3, 10, 1.4, 0, 2, 20, 27500
2, 3, 10, 1.4, 0, 3, 20, 14100
2, 3, 10, 1.4, 0, 3, 20, 14700
2, 3, 10, 1.4, 0, 2, 20, 37600
2, 3, 10, 1.4, 0, 2, 20, 44400
2, 3, 10, 1.4, 0, 2, 20, 32100
2, 3, 10, 1.4, 0, 2, 20, 30400
2, 3, 10, 1.4, 0, 2, 20, 50700
2, 3, 10, 1.4, 0, 2, 20, 36900
2, 3, 10, 1.4, 0, 3, 20, 17700
2, 3, 10, 1.4, 0, 3, 20, 10900
2, 3, 10, 1.4, 0, 2, 20, 32800
2, 3, 10, 1.4, 0, 2, 20, 43600
2, 3, 10, 1.4, 1, 0, 19, 85368.42105263157
2, 3, 10, 1.4, 0, 2, 20, 36000
2, 3, 10, 1.4, 0, 2, 20, 65800
2, 3, 10, 1.4, 0, 3, 20, 11900
2, 3, 10, 1.4, 0, 3, 20, 18800
2, 3, 10, 1.4, 0, 2, 20, 25500
2, 3, 10, 1.4, 0, 3, 20, 24100
2, 3, 10, 1.4, 0, 2, 20, 38400
2, 3, 10, 1.4, 0, 3, 20, 17700
2, 3, 10, 1.4, 1, 0, 7, 211714.2857142857
2, 3, 10, 1.4, 0, 3, 20, 18300
2, 3, 10, 1.4, 0, 2, 20, 32000
2, 3, 10, 1.4, 0, 3, 20, 11200
2, 3, 10, 1.4, 0, 2, 20, 29600
2, 3, 10, 1.4, 0, 3, 20, 13700
2, 3, 10, 1.4, 0, 2, 20, 25800
2, 3, 10, 1.4, 0, 2, 20, 30000
2, 3, 10, 1.4, 0, 3, 20, 12400
2, 3, 10, 1.4, 0, 3, 20, 11900
2, 3, 10, 1.4, 0, 3, 20, 10900
2, 3, 10, 1.4, 0, 2, 20, 30900
2, 3, 10, 1.4, 0, 2, 20, 28300
2, 3, 10, 1.4, 0, 2, 20, 48200
2, 3, 10, 1.4, 0, 3, 20, 11200
2, 3, 10, 1.4, 0, 3, 20, 14400
2, 3, 10, 1.4, 0, 2, 20, 27200
2, 3, 10, 1.4, 0, 2, 20, 36700
2, 3, 10, 1.4, 0, 3, 20, 22000
2, 3, 10, 1.4, 0, 3, 20, 14900
2, 3, 10, 1.4, 0, 2, 20, 31500
2, 3, 10, 1.4, 0, 2, 20, 29900
2, 3, 10, 1.4, 0, 3, 20, 9500
2, 3, 10, 1.4, 0, 2, 20, 38600
2, 3, 10, 1.4, 0, 3, 20, 11400
2, 3, 10, 1.4, 0, 3, 20, 15300
2, 3, 10, 1.4, 0, 2, 20, 28800
2, 3, 10, 1.4, 0, 1, 20, 125700
2, 3, 10, 1.4, 0, 3, 20, 15200
2, 3, 10, 1.4, 0, 2, 20, 38000
2, 3, 10, 1.4, 0, 2, 20, 31700
2, 3, 10, 1.4, 0, 3, 20, 17300
2, 3, 10, 1.4, 0, 2, 20, 30200
2, 3, 10, 1.4, 0, 2, 20, 25100
2, 3, 10, 1.4, 0, 3, 20, 11700
2, 3, 10, 1.4, 0, 3, 20, 14100
2, 3, 10, 1.4, 0, 3, 20, 20800
2, 3, 10, 1.4, 0, 2, 20, 32500
2, 3, 10, 1.4, 0, 3, 20, 19800
2, 3, 10, 1.4, 0, 3, 20, 11300
2, 3, 10, 1.4, 0, 3, 20, 23500
2, 3, 10, 1.4, 1, 0, 17, 95529.41176470587
2, 3, 10, 1.4, 0, 3, 20, 17600
2, 3, 10, 1.4, 0, 3, 20, 9800
2, 3, 10, 1.4, 1, 0, 12, 199333.3333333333
2, 3, 10, 1.4, 0, 3, 20, 12100
2, 3, 10, 1.4, 1, 0, 18, 103444.44444444444
2, 3, 10, 1.4, 0, 3, 20, 16200
2, 3, 10, 1.4, 0, 2, 20, 32500
2, 3, 10, 1.4, 0, 3, 20, 11700
2, 3, 10, 1.4, 0, 2, 20, 54300
2, 3, 10, 1.4, 0, 3, 20, 12900
2, 3, 10, 1.4, 0, 2, 20, 30400
2, 3, 10, 1.4, 0, 3, 20, 12000
2, 3, 10, 1.4, 0, 3, 20, 22800
2, 3, 10, 1.4, 0, 2, 20, 30100
2, 3, 10, 1.4, 0, 2, 20, 36300
2, 3, 10, 1.4, 
2, 3, 10, 1.4, 0, 3, 20, 17400
2, 3, 10, 1.4, 0, 3, 20, 10800
2, 3, 10, 1.4, 0, 2, 20, 43800
2, 3, 10, 1.4, 0, 3, 20, 25200
2, 3, 10, 1.4, 0, 3, 20, 14200
2, 3, 10, 1.4, 0, 3, 20, 12600
2, 3, 10, 1.4, 0, 2, 20, 65800
2, 3, 10, 1.4, 0, 3, 20, 9900
2, 3, 10, 1.4, 1, 0, 15, 124400.0
2, 3, 10, 1.4, 0, 2, 20, 28600
2, 3, 10, 1.4, 0, 3, 20, 11100
2, 3, 10, 1.4, 0, 3, 20, 9800
2, 3, 10, 1.4, 0, 3, 20, 9900
2, 3, 10, 1.4, 0, 2, 20, 30600
2, 3, 10, 1.4, 0, 3, 20, 8100
2, 3, 10, 1.4, 1, 0, 14, 130857.14285714286
2, 3, 10, 1.4, 0, 2, 20, 42600
2, 3, 10, 1.4, 0, 3, 20, 11700
2, 3, 10, 1.4, 0, 3, 20, 19300
2, 3, 20, 1.4, 0, 3, 20, 14400
2, 3, 20, 1.4, 0, 2, 20, 55700
2, 3, 20, 1.4, 0, 3, 20, 9000
2, 3, 20, 1.4, 0, 3, 20, 8800
2, 3, 20, 1.4, 0, 3, 20, 12000
2, 3, 20, 1.4, 0, 2, 20, 70000
2, 3, 20, 1.4, 0, 2, 20, 30400
2, 3, 20, 1.4, 0, 3, 20, 10700
2, 3, 20, 1.4, 0, 3, 20, 16700
2, 3, 20, 1.4, 0, 3, 20, 14400
2, 3, 20, 1.4, 0, 3, 20, 15000
2, 3, 20, 1.4, 0, 2, 20, 35800
2, 3, 20, 1.4, 1, 0, 11, 138363.63636363635
2, 3, 20, 1.4, 0, 3, 20, 13100
2, 3, 20, 1.4, 0, 2, 20, 27300
2, 3, 20, 1.4, 0, 3, 20, 10600
2, 3, 20, 1.4, 0, 3, 20, 6700
2, 3, 20, 1.4, 0, 3, 20, 9200
2, 3, 20, 1.4, 0, 3, 20, 9600
2, 3, 20, 1.4, 0, 2, 20, 33100
2, 3, 20, 1.4, 0, 3, 20, 8600
2, 3, 20, 1.4, 0, 3, 20, 9400
2, 3, 20, 1.4, 0, 2, 20, 28800
2, 3, 20, 1.4, 0, 3, 20, 21400
2, 3, 20, 1.4, 0, 3, 20, 12500
2, 3, 20, 1.4, 0, 3, 20, 23900
2, 3, 20, 1.4, 0, 3, 20, 14200
2, 3, 20, 1.4, 0, 3, 20, 26400
2, 3, 20, 1.4, 0, 2, 20, 32800
2, 3, 20, 1.4, 1, 0, 13, 211538.46153846153
2, 3, 20, 1.4, 0, 2, 20, 32300
2, 3, 20, 1.4, 0, 3, 20, 12000
2, 3, 20, 1.4, 0, 2, 20, 32900
2, 3, 20, 1.4, 0, 1, 20, 56800
2, 3, 20, 1.4, 0, 2, 20, 44200
2, 3, 20, 1.4, 0, 3, 20, 22400
2, 3, 20, 1.4, 0, 3, 20, 22500
2, 3, 20, 1.4, 0, 3, 20, 14500
2, 3, 20, 1.4, 0, 3, 20, 14200
2, 3, 20, 1.4, 0, 2, 20, 28500
2, 3, 20, 1.4, 0, 3, 20, 9500
2, 3, 20, 1.4, 0, 3, 20, 34000
2, 3, 20, 1.4, 0, 3, 20, 18700
2, 3, 20, 1.4, 0, 1, 20, 63400
2, 3, 20, 1.4, 0, 3, 20, 16700
2, 3, 20, 1.4, 0, 2, 20, 32000
2, 3, 20, 1.4, 0, 3, 20, 11900
2, 3, 20, 1.4, 0, 2, 20, 32200
2, 3, 20, 1.4, 0, 2, 20, 35200
2, 3, 20, 1.4, 0, 3, 20, 11400
2, 3, 20, 1.4, 0, 3, 20, 11300
2, 3, 20, 1.4, 0, 3, 20, 14500
2, 3, 20, 1.4, 0, 2, 20, 48700
2, 3, 20, 1.4, 0, 2, 20, 26700
2, 3, 20, 1.4, 0, 3, 20, 10200
2, 3, 20, 1.4, 0, 3, 20, 18200
2, 3, 20, 1.4, 0, 3, 20, 20700
2, 3, 20, 1.4, 0, 2, 20, 36200
2, 3, 20, 1.4, 0, 3, 20, 24300
2, 3, 20, 1.4, 0, 3, 20, 13200
2, 3, 20, 1.4, 0, 3, 20, 13300
2, 3, 20, 1.4, 0, 2, 20, 26300
2, 3, 20, 1.4, 0, 3, 20, 13500
2, 3, 20, 1.4, 0, 3, 20, 14700
2, 3, 20, 1.4, 0, 3, 20, 7200
2, 3, 20, 1.4, 0, 3, 20, 13100
2, 3, 20, 1.4, 0, 3, 20, 11600
2, 3, 20, 1.4, 0, 1, 20, 65600
2, 3, 20, 1.4, 0, 3, 20, 22600
2, 3, 20, 1.4, 0, 2, 20, 38500
2, 3, 20, 1.4, 0, 3, 20, 16100
2, 3, 20, 1.4, 0, 3, 20, 19300
2, 3, 20, 1.4, 0, 3, 20, 16500
2, 3, 20, 1.4, 0, 1, 20, 53500
2, 3, 20, 1.4, 0, 3, 20, 11700
2, 3, 20, 1.4, 0, 3, 20, 7800
2, 3, 20, 1.4, 0, 3, 20, 16100
2, 3, 20, 1.4, 0, 3, 20, 21500
2, 3, 20, 1.4, 0, 3, 20, 20900
2, 3, 20, 1.4, 0, 3, 20, 9700
2, 3, 20, 1.4, 0, 3, 20, 11900
2, 3, 20, 1.4, 0, 3, 20, 21200
2, 3, 20, 1.4, 0, 1, 20, 66600
2, 3, 20, 1.4, 0, 3, 20, 29900
2, 3, 20, 1.4, 0, 2, 20, 57000
2, 3, 20, 1.4, 0, 3, 20, 13800
2, 3, 20, 1.4, 0, 3, 20, 18600
2, 3, 20, 1.4, 0, 1, 20, 91500
2, 3, 20, 1.4, 0, 3, 20, 18100
2, 3, 20, 1.4, 0, 3, 20, 12600
2, 3, 20, 1.4, 0, 2, 20, 31700
2, 3, 20, 1.4, 0, 2, 20, 34200
2, 3, 20, 1.4, 0, 1, 20, 76900
2, 3, 20, 1.4, 0, 2, 20, 25900
2, 3, 20, 1.4, 0, 1, 20, 66000
2, 3, 20, 1.4, 0, 1, 20, 66700
2, 3, 20, 1.4, 0, 3, 20, 9700
2, 3, 20, 1.4, 0, 3, 20, 15700
2, 3, 20, 1.4, 0, 1, 20, 68600
2, 3, 20, 1.4, 0, 2, 20, 27400
2, 10, 1, 1.4, 0, 2, 20, 37900
2, 10, 1, 1.4, 0, 3, 20, 11500
2, 10, 1, 1.4, 0, 3, 20, 8400
2, 10, 1, 1.4, 0, 3, 20, 9300
2, 10, 1, 1.4, 0, 3, 20, 11500
2, 10, 1, 1.4, 0, 3, 20, 8000
2, 10, 1, 1.4, 0, 3, 20, 14400
2, 10, 1, 1.4, 0, 3, 20, 17100
2, 10, 1, 1.4, 0, 2, 20, 28500
2, 10, 1, 1.4, 0, 3, 20, 10000
2, 10, 1, 1.4, 0, 3, 20, 8600
2, 10, 1, 1.4, 0, 3, 20, 8100
2, 10, 1, 1.4, 0, 3, 20, 10700
2, 10, 1, 1.4, 0, 3, 20, 7500
2, 10, 1, 1.4, 0, 2, 20, 25300
2, 10, 1, 1.4, 0, 3, 20, 11600
2, 10, 1, 1.4, 0, 3, 20, 10300
2, 10, 1, 1.4, 0, 2, 20, 59200
2, 10, 1, 1.4, 0, 2, 20, 26200
2, 10, 1, 1.4, 0, 3, 20, 19600
2, 10, 1, 1.4, 0, 3, 20, 9100
2, 10, 1, 1.4, 0, 3, 20, 10600
2, 10, 1, 1.4, 0, 3, 20, 13500
2, 10, 1, 1.4, 0, 2, 20, 35600
2, 10, 1, 1.4, 0, 3, 20, 17600
2, 10, 1, 1.4, 0, 3, 20, 7900
2, 10, 1, 1.4, 0, 3, 20, 9800
2, 10, 1, 1.4, 0, 3, 20, 11400
2, 10, 1, 1.4, 0, 2, 20, 25200
2, 10, 1, 1.4, 0, 3, 20, 8500
2, 10, 1, 1.4, 0, 3, 20, 9800
2, 10, 1, 1.4, 0, 3, 20, 10800
2, 10, 1, 1.4, 0, 2, 20, 25300
2, 10, 1, 1.4, 0, 3, 20, 10300
2, 10, 1, 1.4, 0, 2, 20, 25700
2, 10, 1, 1.4, 0, 3, 20, 11600
2, 10, 1, 1.4, 0, 1, 20, 59100
2, 10, 1, 1.4, 0, 3, 20, 9400
2, 10, 1, 1.4, 0, 3, 20, 12700
2, 10, 1, 1.4, 0, 3, 20, 11200
2, 10, 1, 1.4, 0, 2, 20, 28300
2, 10, 1, 1.4, 0, 2, 20, 42900
2, 10, 1, 1.4, 0, 3, 20, 7300
2, 10, 1, 1.4, 0, 3, 20, 10400
2, 10, 1, 1.4, 0, 3, 20, 13900
2, 10, 1, 1.4, 0, 3, 20, 16100
2, 10, 1, 1.4, 0, 3, 20, 6800
2, 10, 1, 1.4, 0, 3, 20, 8900
2, 10, 1, 1.4, 0, 3, 20, 14100
2, 10, 1, 1.4, 0, 3, 20, 14200
2, 10, 1, 1.4, 0, 3, 20, 22400
2, 10, 1, 1.4, 0, 3, 20, 10500
2, 10, 1, 1.4, 0, 3, 20, 17300
2, 10, 1, 1.4, 0, 3, 20, 22100
2, 10, 1, 1.4, 0, 3, 20, 11000
2, 10, 1, 1.4, 0, 3, 20, 13100
2, 10, 1, 1.4, 0, 3, 20, 16100
2, 10, 1, 1.4, 0, 3, 20, 18100
2, 10, 1, 1.4, 0, 3, 20, 10000
2, 10, 1, 1.4, 0, 3, 20, 27700
2, 10, 1, 1.4, 0, 2, 20, 26700
2, 10, 1, 1.4, 0, 2, 20, 31400
2, 10, 1, 1.4, 0, 3, 20, 11700
2, 10, 1, 1.4, 0, 3, 20, 8200
2, 10, 1, 1.4, 0, 3, 20, 10800
2, 10, 1, 1.4, 0, 2, 20, 25300
2, 10, 1, 1.4, 0, 3, 20, 13000
2, 10, 1, 1.4, 0, 3, 20, 13700
2, 10, 1, 1.4, 0, 3, 20, 9600
2, 10, 1, 1.4, 0, 3, 20, 11000
2, 10, 1, 1.4, 0, 3, 20, 11100
2, 10, 1, 1.4, 0, 3, 20, 15400
2, 10, 1, 1.4, 0, 3, 20, 17900
2, 10, 1, 1.4, 0, 3, 20, 13600
2, 10, 1, 1.4, 0, 3, 20, 9300
2, 10, 1, 1.4, 0, 3, 20, 23000
2, 10, 1, 1.4, 0, 3, 20, 10800
2, 10, 1, 1.4, 0, 3, 20, 7300
2, 10, 1, 1.4, 0, 3, 20, 10600
2, 10, 1, 1.4, 0, 3, 20, 11500
2, 10, 1, 1.4, 0, 3, 20, 11800
2, 10, 1, 1.4, 0, 3, 20, 7400
2, 10, 1, 1.4, 0, 3, 20, 13800
2, 10, 1, 1.4, 0, 3, 20, 9900
2, 10, 1, 1.4, 0, 3, 20, 16300
2, 10, 1, 1.4, 0, 2, 20, 30200
2, 10, 1, 1.4, 0, 3, 20, 10800
2, 10, 1, 1.4, 0, 3, 20, 12600
2, 10, 1, 1.4, 0, 3, 20, 9400
2, 10, 1, 1.4, 0, 3, 20, 18300
2, 10, 1, 1.4, 0, 3, 20, 19200
2, 10, 1, 1.4, 0, 2, 20, 30100
2, 10, 1, 1.4, 0, 3, 20, 7300
2, 10, 1, 1.4, 0, 3, 20, 16700
2, 10, 1, 1.4, 0, 3, 20, 10300
2, 10, 1, 1.4, 0, 3, 20, 11400
2, 10, 1, 1.4, 0, 3, 20, 13600
2, 10, 1, 1.4, 0, 3, 20, 10200
2, 10, 1, 1.4, 0, 3, 20, 9800
2, 10, 1, 1.4, 0, 3, 20, 12100
2, 10, 3, 1.4, 0, 3, 20, 10400
2, 10, 3, 1.4, 0, 3, 20, 16800
2, 10, 3, 1.4, 0, 3, 20, 9500
2, 10, 3, 1.4, 0, 3, 20, 12000
2, 10, 3, 1.4, 0, 3, 20, 11000
2, 10, 3, 1.4, 0, 3, 20, 12300
2, 10, 3, 1.4, 0, 3, 20, 10300
2, 10, 3, 1.4, 0, 3, 20, 10700
2, 10, 3, 1.4, 0, 3, 20, 9600
2, 10, 3, 1.4, 0, 2, 20, 48800
2, 10, 3, 1.4, 0, 2, 20, 29800
2, 10, 3, 1.4, 0, 3, 20, 23600
2, 10, 3, 1.4, 0, 3, 20, 9800
2, 10, 3, 1.4, 0, 3, 20, 14800
2, 10, 3, 1.4, 0, 3, 20, 14200
2, 10, 3, 1.4, 0, 2, 20, 29000
2, 10, 3, 1.4, 0, 2, 20, 31400
2, 10, 3, 1.4, 0, 3, 20, 9100
2, 10, 3, 1.4, 0, 3, 20, 10900
2, 10, 3, 1.4, 0, 2, 20, 46300
2, 10, 3, 1.4, 0, 3, 20, 17500
2, 10, 3, 1.4, 0, 3, 20, 10700
2, 10, 3, 1.4, 0, 3, 20, 11000
2, 10, 3, 1.4, 0, 3, 20, 14300
2, 10, 3, 1.4, 0, 2, 20, 52500
2, 10, 3, 1.4, 0, 3, 20, 11800
2, 10, 3, 1.4, 0, 3, 20, 13200
2, 10, 3, 1.4, 0, 3, 20, 10800
2, 10, 3, 1.4, 0, 3, 20, 18400
2, 10, 3, 1.4, 0, 2, 20, 30400
2, 10, 3, 1.4, 0, 3, 20, 11100
2, 10, 3, 1.4, 0, 3, 20, 12300
2, 10, 3, 1.4, 0, 2, 20, 35300
2, 10, 3, 1.4, 0, 3, 20, 15500
2, 10, 3, 1.4, 0, 3, 20, 10000
2, 10, 3, 1.4, 0, 3, 20, 17900
2, 10, 3, 1.4, 0, 3, 20, 6700
2, 10, 3, 1.4, 0, 3, 20, 14100
2, 10, 3, 1.4, 0, 2, 20, 28500
2, 10, 3, 1.4, 0, 2, 20, 34800
2, 10, 3, 1.4, 0, 3, 20, 12800
2, 10, 3, 1.4, 0, 2, 20, 47000
2, 10, 3, 1.4, 0, 3, 20, 8800
2, 10, 3, 1.4, 0, 3, 20, 8100
2, 10, 3, 1.4, 0, 3, 20, 10200
2, 10, 3, 1.4, 0, 2, 20, 24600
2, 10, 3, 1.4, 0, 3, 20, 8700
2, 10, 3, 1.4, 0, 3, 20, 8600
2, 10, 3, 1.4, 0, 2, 20, 30500
2, 10, 3, 1.4, 0, 3, 20, 7000
2, 10, 3, 1.4, 1, 0, 18, 76777.77777777778
2, 10, 3, 1.4, 0, 3, 20, 9000
2, 10, 3, 1.4, 0, 2, 20, 26500
2, 10, 3, 1.4, 0, 3, 20, 17600
2, 10, 3, 1.4, 0, 3, 20, 13300
2, 10, 3, 1.4, 0, 3, 20, 9900
2, 10, 3, 1.4, 0, 3, 20, 10500
2, 10, 3, 1.4, 0, 3, 20, 18700
2, 10, 3, 1.4, 0, 3, 20, 9600
2, 10, 3, 1.4, 0, 3, 20, 15000
2, 10, 3, 1.4, 1, 0, 12, 173000.0
2, 10, 3, 1.4, 0, 3, 20, 10500
2, 10, 3, 1.4, 0, 3, 20, 12000
2, 10, 3, 1.4, 0, 3, 20, 15300
2, 10, 3, 1.4, 0, 3, 20, 9900
2, 10, 3, 1.4, 0, 3, 20, 8500
2, 10, 3, 1.4, 0, 3, 20, 12200
2, 10, 3, 1.4, 0, 2, 20, 29000
2, 10, 3, 1.4, 0, 2, 20, 29100
2, 10, 3, 1.4, 0, 2, 20, 53100
2, 10, 3, 1.4, 0, 3, 20, 8300
2, 10, 3, 1.4, 0, 3, 20, 12000
2, 10, 3, 1.4, 0, 2, 20, 28400
2, 10, 3, 1.4, 0, 3, 20, 11100
2, 10, 3, 1.4, 0, 3, 20, 11100
2, 10, 3, 1.4, 0, 2, 20, 49000
2, 10, 3, 1.4, 0, 3, 20, 11900
2, 10, 3, 1.4, 0, 3, 20, 12400
2, 10, 3, 1.4, 0, 3, 20, 13200
2, 10, 3, 1.4, 0, 3, 20, 13000
2, 10, 3, 1.4, 0, 3, 20, 12900
2, 10, 3, 1.4, 0, 3, 20, 18600
2, 10, 3, 1.4, 0, 3, 20, 6600
2, 10, 3, 1.4, 0, 3, 20, 12000
2, 10, 3, 1.4, 0, 3, 20, 14100
2, 10, 3, 1.4, 0, 3, 20, 31000
2, 10, 3, 1.4, 0, 3, 20, 12100
2, 10, 3, 1.4, 0, 3, 20, 18500
2, 10, 3, 1.4, 0, 3, 20, 12800
2, 10, 3, 1.4, 0, 3, 20, 11600
2, 10, 3, 1.4, 0, 3, 20, 23500
2, 10, 3, 1.4, 0, 3, 20, 12800
2, 10, 3, 1.4, 0, 3, 20, 18300
2, 10, 3, 1.4, 0, 3, 20, 13200
2, 10, 3, 1.4, 0, 3, 20, 10800
2, 10, 3, 1.4, 0, 3, 20, 14600
2, 10, 3, 1.4, 0, 2, 20, 56200
2, 10, 3, 1.4, 0, 3, 20, 16900
2, 10, 3, 1.4, 0, 3, 20, 11900
2, 10, 3, 1.4, 0, 3, 20, 15400
2, 10, 5, 1.4, 0, 2, 20, 27700
2, 10, 5, 1.4, 0, 3, 20, 13500
2, 10, 5, 1.4, 0, 2, 20, 28900
2, 10, 5, 1.4, 0, 3, 20, 8700
2, 10, 5, 1.4, 1, 0, 15, 264266.6666666667
2, 10, 5, 1.4, 0, 3, 20, 11200
2, 10, 5, 1.4, 0, 3, 20, 26900
2, 10, 5, 1.4, 0, 2, 20, 25700
2, 10, 5, 1.4, 0, 2, 20, 44600
2, 10, 5, 1.4, 0, 3, 20, 13800
2, 10, 5, 1.4, 0, 3, 20, 11100
2, 10, 5, 1.4, 0, 2, 20, 26700
2, 10, 5, 1.4, 0, 3, 20, 13000
2, 10, 5, 1.4, 0, 2, 20, 43200
2, 10, 5, 1.4, 0, 3, 20, 7800
2, 10, 5, 1.4, 0, 3, 20, 8500
2, 10, 5, 1.4, 0, 3, 20, 12500
2, 10, 5, 1.4, 0, 3, 20, 14400
2, 10, 5, 1.4, 0, 3, 20, 13700
2, 10, 5, 1.4, 0, 2, 20, 28900
2, 10, 5, 1.4, 0, 3, 20, 13600
2, 10, 5, 1.4, 0, 2, 20, 36600
2, 10, 5, 1.4, 0, 3, 20, 9300
2, 10, 5, 1.4, 0, 2, 20, 25900
2, 10, 5, 1.4, 0, 3, 20, 15000
2, 10, 5, 1.4, 1, 0, 16, 85000.0
2, 10, 5, 1.4, 0, 3, 20, 11600
2, 10, 5, 1.4, 0, 2, 20, 30900
2, 10, 5, 1.4, 0, 3, 20, 10500
2, 10, 5, 1.4, 0, 3, 20, 9100
2, 10, 5, 1.4, 0, 2, 20, 54200
2, 10, 5, 1.4, 0, 3, 20, 22000
2, 10, 5, 1.4, 0, 3, 20, 11000
2, 10, 5, 1.4, 0, 3, 20, 14000
2, 10, 5, 1.4, 0, 3, 20, 12600
2, 10, 5, 1.4, 0, 3, 20, 14100
2, 10, 5, 1.4, 0, 3, 20, 39800
2, 10, 5, 1.4, 0, 3, 20, 16300
2, 10, 5, 1.4, 0, 3, 20, 15500
2, 10, 5, 1.4, 0, 3, 20, 12000
2, 10, 5, 1.4, 0, 3, 20, 18000
2, 10, 5, 1.4, 0, 2, 20, 59100
2, 10, 5, 1.4, 0, 1, 20, 48200
2, 10, 5, 1.4, 0, 3, 20, 10100
2, 10, 5, 1.4, 1, 0, 12, 208166.6666666667
2, 10, 5, 1.4, 0, 3, 20, 12600
2, 10, 5, 1.4, 0, 3, 20, 14200
2, 10, 5, 1.4, 0, 3, 20, 13000
2, 10, 5, 1.4, 0, 3, 20, 13800
2, 10, 5, 1.4, 0, 2, 20, 38100
2, 10, 5, 1.4, 0, 3, 20, 16100
2, 10, 5, 1.4, 0, 3, 20, 11900
2, 10, 5, 1.4, 0, 3, 20, 10600
2, 10, 5, 1.4, 0, 3, 20, 10600
2, 10, 5, 1.4, 0, 3, 20, 9300
2, 10, 5, 1.4, 0, 3, 20, 19400
2, 10, 5, 1.4, 0, 2, 20, 26500
2, 10, 5, 1.4, 0, 3, 20, 12900
2, 10, 5, 1.4, 0, 3, 20, 15300
2, 10, 5, 1.4, 0, 3, 20, 10600
2, 10, 5, 1.4, 0, 3, 20, 15500
2, 10, 5, 1.4, 0, 3, 20, 10400
2, 10, 5, 1.4, 0, 3, 20, 11900
2, 10, 5, 1.4, 0, 3, 20, 9400
2, 10, 5, 1.4, 0, 3, 20, 9300
2, 10, 5, 1.4, 0, 3, 20, 15200
2, 10, 5, 1.4, 0, 3, 20, 11700
2, 10, 5, 1.4, 0, 3, 20, 12000
2, 10, 5, 1.4, 0, 3, 20, 10300
2, 10, 5, 1.4, 0, 3, 20, 10400
2, 10, 5, 1.4, 0, 3, 20, 11300
2, 10, 5, 1.4, 0, 3, 20, 8100
2, 10, 5, 1.4, 0, 2, 20, 62300
2, 10, 5, 1.4, 0, 2, 20, 33200
2, 10, 5, 1.4, 0, 3, 20, 15700
2, 10, 5, 1.4, 0, 3, 20, 11100
2, 10, 5, 1.4, 0, 3, 20, 9600
2, 10, 5, 1.4, 0, 3, 20, 9300
2, 10, 5, 1.4, 1, 0, 12, 133333.33333333334
2, 10, 5, 1.4, 0, 3, 20, 14500
2, 10, 5, 1.4, 0, 3, 20, 11000
2, 10, 5, 1.4, 0, 3, 20, 21800
2, 10, 5, 1.4, 0, 3, 20, 12300
2, 10, 5, 1.4, 0, 3, 20, 12900
2, 10, 5, 1.4, 0, 3, 20, 15200
2, 10, 5, 1.4, 0, 3, 20, 11800
2, 10, 5, 1.4, 0, 2, 20, 25700
2, 10, 5, 1.4, 0, 1, 20, 43700
2, 10, 5, 1.4, 0, 3, 20, 21100
2, 10, 5, 1.4, 0, 2, 20, 34200
2, 10, 5, 1.4, 0, 3, 20, 11200
2, 10, 5, 1.4, 0, 3, 20, 11500
2, 10, 5, 1.4, 0, 3, 20, 11400
2, 10, 5, 1.4, 0, 3, 20, 11800
2, 10, 5, 1.4, 1, 0, 19, 92947.36842105263
2, 10, 5, 1.4, 0, 3, 20, 11400
2, 10, 5, 1.4, 0, 2, 20, 29100
2, 10, 5, 1.4, 0, 3, 20, 19900
2, 10, 5, 1.4, 0, 3, 20, 24500
2, 10, 5, 1.4, 0, 3, 20, 10200
2, 10, 10, 1.4, 0, 3, 20, 20400
2, 10, 10, 1.4, 0, 2, 20, 34000
2, 10, 10, 1.4, 0, 3, 20, 18000
2, 10, 10, 1.4, 0, 2, 20, 40500
2, 10, 10, 1.4, 0, 3, 20, 19100
2, 10, 10, 1.4, 0, 2, 20, 71200
2, 10, 10, 1.4, 0, 3, 20, 21800
2, 10, 10, 1.4, 0, 2, 20, 31200
2, 10, 10, 1.4, 0, 3, 20, 12300
2, 10, 10, 1.4, 0, 2, 20, 34800
2, 10, 10, 1.4, 0, 2, 20, 41300
2, 10, 10, 1.4, 0, 2, 20, 53700
2, 10, 10, 1.4, 0, 3, 20, 12100
2, 10, 10, 1.4, 0, 3, 20, 12600
2, 10, 10, 1.4, 0, 2, 20, 31400
2, 10, 10, 1.4, 0, 2, 20, 30500
2, 10, 10, 1.4, 0, 2, 20, 27400
2, 10, 10, 1.4, 0, 2, 20, 43100
2, 10, 10, 1.4, 0, 3, 20, 11500
2, 10, 10, 1.4, 0, 3, 20, 7900
2, 10, 10, 1.4, 0, 3, 20, 11300
2, 10, 10, 1.4, 0, 3, 20, 13100
2, 10, 10, 1.4, 0, 3, 20, 11000
2, 10, 10, 1.4, 0, 2, 20, 25000
2, 10, 10, 1.4, 0, 2, 20, 28500
2, 10, 10, 1.4, 0, 3, 20, 8000
2, 10, 10, 1.4, 0, 2, 20, 26200
2, 10, 10, 1.4, 0, 2, 20, 33600
2, 10, 10, 1.4, 0, 3, 20, 8100
2, 10, 10, 1.4, 0, 3, 20, 11100
2, 10, 10, 1.4, 0, 3, 20, 13600
2, 10, 10, 1.4, 0, 1, 20, 64500
2, 10, 10, 1.4, 0, 3, 20, 11000
2, 10, 10, 1.4, 0, 2, 20, 47500
2, 10, 10, 1.4, 0, 3, 20, 12300
2, 10, 10, 1.4, 0, 3, 20, 15300
2, 10, 10, 1.4, 0, 2, 20, 55300
2, 10, 10, 1.4, 0, 3, 20, 11000
2, 10, 10, 1.4, 0, 1, 20, 109600
2, 10, 10, 1.4, 0, 1, 20, 89700
2, 10, 10, 1.4, 0, 2, 20, 26000
2, 10, 10, 1.4, 0, 2, 20, 46100
2, 10, 10, 1.4, 0, 3, 20, 32800
2, 10, 10, 1.4, 0, 2, 20, 31200
2, 10, 10, 1.4, 0, 3, 20, 16700
2, 10, 10, 1.4, 0, 3, 20, 19000
2, 10, 10, 1.4, 0, 3, 20, 16000
2, 10, 10, 1.4, 0, 3, 20, 12400
2, 10, 10, 1.4, 0, 2, 20, 26900
2, 10, 10, 1.4, 0, 3, 20, 14200
2, 10, 10, 1.4, 0, 3, 20, 11300
2, 10, 10, 1.4, 0, 2, 20, 35500
2, 10, 10, 1.4, 0, 3, 20, 11900
2, 10, 10, 1.4, 
2, 10, 10, 1.4, 0, 3, 20, 15700
2, 10, 10, 1.4, 0, 2, 20, 33100
2, 10, 10, 1.4, 0, 3, 20, 13800
2, 10, 10, 1.4, 0, 3, 20, 15100
2, 10, 10, 1.4, 0, 3, 20, 9600
2, 10, 10, 1.4, 0, 3, 20, 8700
2, 10, 10, 1.4, 0, 3, 20, 12800
2, 10, 10, 1.4, 1, 0, 17, 134823.5294117647
2, 10, 10, 1.4, 0, 3, 20, 9000
2, 10, 10, 1.4, 0, 3, 20, 18000
2, 10, 10, 1.4, 0, 3, 20, 19400
2, 10, 10, 1.4, 0, 3, 20, 16100
2, 10, 10, 1.4, 0, 3, 20, 16700
2, 10, 10, 1.4, 0, 2, 20, 23900
2, 10, 10, 1.4, 0, 3, 20, 17200
2, 10, 10, 1.4, 0, 3, 20, 8800
2, 10, 10, 1.4, 0, 3, 20, 13800
2, 10, 10, 1.4, 0, 3, 20, 9300
2, 10, 10, 1.4, 0, 2, 20, 31100
2, 10, 10, 1.4, 0, 2, 20, 25100
2, 10, 10, 1.4, 0, 2, 20, 43800
2, 10, 10, 1.4, 0, 3, 20, 13200
2, 10, 10, 1.4, 0, 3, 20, 10800
2, 10, 10, 1.4, 0, 3, 20, 12100
2, 10, 10, 1.4, 0, 3, 20, 23000
2, 10, 10, 1.4, 0, 3, 20, 17000
2, 10, 10, 1.4, 0, 3, 20, 10900
2, 10, 10, 1.4, 0, 2, 20, 34900
2, 10, 10, 1.4, 0, 3, 20, 19100
2, 10, 10, 1.4, 0, 3, 20, 21100
2, 10, 10, 1.4, 0, 3, 20, 12700
2, 10, 10, 1.4, 0, 2, 20, 32900
2, 10, 10, 1.4, 0, 1, 20, 87600
2, 10, 10, 1.4, 0, 3, 20, 25400
2, 10, 10, 1.4, 0, 3, 20, 10800
2, 10, 10, 1.4, 0, 3, 20, 15300
2, 10, 10, 1.4, 0, 3, 20, 13100
2, 10, 10, 1.4, 1, 0, 16, 74500.0
2, 10, 10, 1.4, 0, 2, 20, 24700
2, 10, 10, 1.4, 0, 3, 20, 13700
2, 10, 10, 1.4, 0, 3, 20, 13200
2, 10, 10, 1.4, 1, 0, 11, 110363.63636363635
2, 10, 10, 1.4, 0, 3, 20, 10700
2, 10, 10, 1.4, 0, 3, 20, 14200
2, 10, 10, 1.4, 0, 3, 20, 8600
2, 10, 10, 1.4, 0, 3, 20, 10000
2, 10, 20, 1.4, 0, 3, 20, 14600
2, 10, 20, 1.4, 1, 0, 10, 445800.0
2, 10, 20, 1.4, 0, 3, 20, 10800
2, 10, 20, 1.4, 0, 3, 20, 10200
2, 10, 20, 1.4, 0, 2, 20, 30300
2, 10, 20, 1.4, 0, 3, 20, 15500
2, 10, 20, 1.4, 0, 3, 20, 20400
2, 10, 20, 1.4, 0, 2, 20, 25900
2, 10, 20, 1.4, 0, 2, 20, 36600
2, 10, 20, 1.4, 0, 2, 20, 25600
2, 10, 20, 1.4, 0, 1, 20, 67500
2, 10, 20, 1.4, 0, 3, 20, 22500
2, 10, 20, 1.4, 0, 2, 20, 26300
2, 10, 20, 1.4, 0, 2, 20, 47100
2, 10, 20, 1.4, 0, 3, 20, 13600
2, 10, 20, 1.4, 0, 2, 20, 26100
2, 10, 20, 1.4, 0, 3, 20, 18100
2, 10, 20, 1.4, 0, 2, 20, 29800
2, 10, 20, 1.4, 0, 3, 20, 9700
2, 10, 20, 1.4, 0, 3, 20, 12000
2, 10, 20, 1.4, 0, 3, 20, 12300
2, 10, 20, 1.4, 0, 3, 20, 18300
2, 10, 20, 1.4, 0, 3, 20, 9000
2, 10, 20, 1.4, 0, 3, 20, 14700
2, 10, 20, 1.4, 0, 3, 20, 13900
2, 10, 20, 1.4, 0, 3, 20, 13800
2, 10, 20, 1.4, 0, 2, 20, 30200
2, 10, 20, 1.4, 0, 2, 20, 34000
2, 10, 20, 1.4, 0, 2, 20, 30700
2, 10, 20, 1.4, 0, 3, 20, 8500
2, 10, 20, 1.4, 0, 2, 20, 31300
2, 10, 20, 1.4, 0, 3, 20, 8400
2, 10, 20, 1.4, 0, 3, 20, 15800
2, 10, 20, 1.4, 0, 3, 20, 9300
2, 10, 20, 1.4, 0, 3, 20, 22200
2, 10, 20, 1.4, 0, 3, 20, 11500
2, 10, 20, 1.4, 0, 2, 20, 70100
2, 10, 20, 1.4, 0, 2, 20, 34800
2, 10, 20, 1.4, 0, 3, 20, 16100
2, 10, 20, 1.4, 1, 0, 17, 185882.35294117648
2, 10, 20, 1.4, 0, 2, 20, 34000
2, 10, 20, 1.4, 0, 2, 20, 28300
2, 10, 20, 1.4, 0, 2, 20, 36900
2, 10, 20, 1.4, 0, 3, 20, 15900
2, 10, 20, 1.4, 1, 0, 18, 127000.0
2, 10, 20, 1.4, 0, 2, 20, 28600
2, 10, 20, 1.4, 0, 2, 20, 30200
2, 10, 20, 1.4, 0, 3, 20, 35100
2, 10, 20, 1.4, 0, 2, 20, 30600
2, 10, 20, 1.4, 1, 0, 15, 98133.33333333334
2, 10, 20, 1.4, 0, 3, 20, 19400
2, 10, 20, 1.4, 0, 1, 20, 53400
2, 10, 20, 1.4, 1, 0, 9, 172666.6666666667
2, 10, 20, 1.4, 1, 0, 19, 66315.78947368421
2, 10, 20, 1.4, 0, 2, 20, 30400
2, 10, 20, 1.4, 0, 2, 20, 63000
2, 10, 20, 1.4, 0, 3, 20, 14500
2, 10, 20, 1.4, 0, 3, 20, 10400
2, 10, 20, 1.4, 1, 0, 10, 144200.0
2, 10, 20, 1.4, 0, 3, 20, 10700
2, 10, 20, 1.4, 0, 3, 20, 15900
2, 10, 20, 1.4, 0, 2, 20, 26900
2, 10, 20, 1.4, 0, 2, 20, 27400
2, 10, 20, 1.4, 0, 3, 20, 11200
2, 10, 20, 1.4, 0, 2, 20, 28600
2, 10, 20, 1.4, 1, 0, 17, 124588.23529411765
2, 10, 20, 1.4, 0, 3, 20, 16800
2, 10, 20, 1.4, 0, 2, 20, 57500
2, 10, 20, 1.4, 0, 3, 20, 13700
2, 10, 20, 1.4, 0, 3, 20, 16300
2, 10, 20, 1.4, 0, 2, 20, 26700
2, 10, 20, 1.4, 0, 3, 20, 14900
2, 10, 20, 1.4, 0, 3, 20, 15000
2, 10, 20, 1.4, 0, 3, 20, 9000
2, 10, 20, 1.4, 0, 2, 20, 33400
2, 10, 20, 1.4, 0, 3, 20, 14300
2, 10, 20, 1.4, 0, 2, 20, 40200
2, 10, 20, 1.4, 0, 3, 20, 9200
2, 10, 20, 1.4, 0, 3, 20, 30800
2, 10, 20, 1.4, 0, 2, 20, 29200
2, 10, 20, 1.4, 0, 3, 20, 14600
2, 10, 20, 1.4, 0, 3, 20, 12100
2, 10, 20, 1.4, 0, 2, 20, 30000
2, 10, 20, 1.4, 1, 0, 13, 174000.0
2, 10, 20, 1.4, 0, 2, 20, 34000
2, 10, 20, 1.4, 1, 0, 19, 119578.94736842105
2, 10, 20, 1.4, 0, 3, 20, 13900
2, 10, 20, 1.4, 0, 1, 20, 66200
2, 10, 20, 1.4, 0, 3, 20, 15000
2, 10, 20, 1.4, 0, 3, 20, 12100
2, 10, 20, 1.4, 0, 3, 20, 19600
2, 10, 20, 1.4, 0, 3, 20, 13600
2, 10, 20, 1.4, 0, 3, 20, 8800
2, 10, 20, 1.4, 0, 2, 20, 27200
2, 10, 20, 1.4, 0, 3, 20, 13700
2, 10, 20, 1.4, 0, 3, 20, 19300
2, 10, 20, 1.4, 0, 2, 20, 25400
2, 10, 20, 1.4, 0, 3, 20, 18600
2, 10, 20, 1.4, 0, 3, 20, 11400
2, 10, 20, 1.4, 0, 3, 20, 30400
2, 50, 1, 1.4, 0, 3, 20, 6700
2, 50, 1, 1.4, 0, 3, 20, 22400
2, 50, 1, 1.4, 0, 3, 20, 9800
2, 50, 1, 1.4, 0, 3, 20, 10300
2, 50, 1, 1.4, 0, 3, 20, 11700
2, 50, 1, 1.4, 0, 3, 20, 10400
2, 50, 1, 1.4, 0, 3, 20, 15400
2, 50, 1, 1.4, 0, 3, 20, 10200
2, 50, 1, 1.4, 0, 3, 20, 16100
2, 50, 1, 1.4, 0, 3, 20, 9900
2, 50, 1, 1.4, 0, 3, 20, 12800
2, 50, 1, 1.4, 0, 3, 20, 14700
2, 50, 1, 1.4, 0, 3, 20, 20800
2, 50, 1, 1.4, 0, 3, 20, 10600
2, 50, 1, 1.4, 0, 3, 20, 7600
2, 50, 1, 1.4, 0, 2, 20, 28000
2, 50, 1, 1.4, 0, 3, 20, 15700
2, 50, 1, 1.4, 0, 3, 20, 11100
2, 50, 1, 1.4, 0, 3, 20, 9300
2, 50, 1, 1.4, 0, 3, 20, 7300
2, 50, 1, 1.4, 0, 3, 20, 9700
2, 50, 1, 1.4, 0, 2, 20, 27200
2, 50, 1, 1.4, 0, 3, 20, 13100
2, 50, 1, 1.4, 0, 3, 20, 14400
2, 50, 1, 1.4, 0, 3, 20, 16500
2, 50, 1, 1.4, 0, 3, 20, 10100
2, 50, 1, 1.4, 0, 3, 20, 7300
2, 50, 1, 1.4, 0, 3, 20, 13000
2, 50, 1, 1.4, 0, 3, 20, 7200
2, 50, 1, 1.4, 0, 3, 20, 12000
2, 50, 1, 1.4, 0, 3, 20, 10700
2, 50, 1, 1.4, 0, 3, 20, 10200
2, 50, 1, 1.4, 0, 3, 20, 7500
2, 50, 1, 1.4, 0, 3, 20, 12600
2, 50, 1, 1.4, 0, 3, 20, 9100
2, 50, 1, 1.4, 0, 3, 20, 6700
2, 50, 1, 1.4, 0, 3, 20, 12000
2, 50, 1, 1.4, 0, 3, 20, 8400
2, 50, 1, 1.4, 0, 3, 20, 10800
2, 50, 1, 1.4, 0, 3, 20, 18100
2, 50, 1, 1.4, 0, 3, 20, 12300
2, 50, 1, 1.4, 0, 3, 20, 7200
2, 50, 1, 1.4, 0, 3, 20, 8400
2, 50, 1, 1.4, 0, 3, 20, 10900
2, 50, 1, 1.4, 0, 3, 20, 8000
2, 50, 1, 1.4, 0, 3, 20, 8400
2, 50, 1, 1.4, 0, 3, 20, 12900
2, 50, 1, 1.4, 0, 3, 20, 11900
2, 50, 1, 1.4, 0, 3, 20, 8600
2, 50, 1, 1.4, 0, 2, 20, 26300
2, 50, 1, 1.4, 0, 3, 20, 9600
2, 50, 1, 1.4, 0, 3, 20, 13100
2, 50, 1, 1.4, 0, 3, 20, 12000
2, 50, 1, 1.4, 0, 3, 20, 14100
2, 50, 1, 1.4, 0, 3, 20, 7700
2, 50, 1, 1.4, 0, 3, 20, 12500
2, 50, 1, 1.4, 0, 3, 20, 9700
2, 50, 1, 1.4, 0, 3, 20, 9100
2, 50, 1, 1.4, 0, 3, 20, 10200
2, 50, 1, 1.4, 0, 3, 20, 10500
2, 50, 1, 1.4, 0, 2, 20, 23800
2, 50, 1, 1.4, 0, 3, 20, 9000
2, 50, 1, 1.4, 0, 3, 20, 10000
2, 50, 1, 1.4, 0, 3, 20, 8000
2, 50, 1, 1.4, 0, 3, 20, 11500
2, 50, 1, 1.4, 0, 3, 20, 12000
2, 50, 1, 1.4, 0, 3, 20, 15200
2, 50, 1, 1.4, 0, 3, 20, 7400
2, 50, 1, 1.4, 0, 3, 20, 9400
2, 50, 1, 1.4, 0, 3, 20, 12100
2, 50, 1, 1.4, 0, 3, 20, 8800
2, 50, 1, 1.4, 0, 3, 20, 9200
2, 50, 1, 1.4, 0, 3, 20, 20600
2, 50, 1, 1.4, 0, 3, 20, 17300
2, 50, 1, 1.4, 0, 3, 20, 9900
2, 50, 1, 1.4, 0, 3, 20, 11400
2, 50, 1, 1.4, 0, 3, 20, 8600
2, 50, 1, 1.4, 0, 3, 20, 16200
2, 50, 1, 1.4, 0, 1, 20, 79600
2, 50, 1, 1.4, 0, 3, 20, 13500
2, 50, 1, 1.4, 0, 3, 20, 17100
2, 50, 1, 1.4, 0, 3, 20, 12900
2, 50, 1, 1.4, 0, 3, 20, 9700
2, 50, 1, 1.4, 0, 3, 20, 11400
2, 50, 1, 1.4, 0, 3, 20, 10200
2, 50, 1, 1.4, 0, 3, 20, 13500
2, 50, 1, 1.4, 0, 2, 20, 25600
2, 50, 1, 1.4, 0, 3, 20, 15900
2, 50, 1, 1.4, 0, 3, 20, 7100
2, 50, 1, 1.4, 0, 3, 20, 18000
2, 50, 1, 1.4, 0, 2, 20, 26000
2, 50, 1, 1.4, 0, 3, 20, 11200
2, 50, 1, 1.4, 0, 3, 20, 9100
2, 50, 1, 1.4, 0, 3, 20, 11700
2, 50, 1, 1.4, 0, 3, 20, 9600
2, 50, 1, 1.4, 0, 3, 20, 8100
2, 50, 1, 1.4, 0, 3, 20, 8300
2, 50, 1, 1.4, 0, 3, 20, 11700
2, 50, 1, 1.4, 0, 3, 20, 11400
2, 50, 1, 1.4, 0, 3, 20, 11000
2, 50, 3, 1.4, 0, 3, 20, 10100
2, 50, 3, 1.4, 0, 3, 20, 15300
2, 50, 3, 1.4, 0, 3, 20, 17200
2, 50, 3, 1.4, 0, 3, 20, 10700
2, 50, 3, 1.4, 0, 3, 20, 10800
2, 50, 3, 1.4, 0, 2, 20, 27200
2, 50, 3, 1.4, 0, 3, 20, 10900
2, 50, 3, 1.4, 0, 3, 20, 14300
2, 50, 3, 1.4, 0, 3, 20, 8000
2, 50, 3, 1.4, 0, 3, 20, 7200
2, 50, 3, 1.4, 0, 3, 20, 11300
2, 50, 3, 1.4, 0, 3, 20, 13900
2, 50, 3, 1.4, 0, 3, 20, 10900
2, 50, 3, 1.4, 0, 3, 20, 16600
2, 50, 3, 1.4, 0, 3, 20, 15500
2, 50, 3, 1.4, 0, 3, 20, 9000
2, 50, 3, 1.4, 0, 3, 20, 10900
2, 50, 3, 1.4, 0, 3, 20, 8200
2, 50, 3, 1.4, 0, 3, 20, 15200
2, 50, 3, 1.4, 0, 3, 20, 19700
2, 50, 3, 1.4, 0, 3, 20, 9200
2, 50, 3, 1.4, 0, 3, 20, 10800
2, 50, 3, 1.4, 0, 2, 20, 43400
2, 50, 3, 1.4, 0, 3, 20, 13400
2, 50, 3, 1.4, 0, 3, 20, 14200
2, 50, 3, 1.4, 0, 3, 20, 11200
2, 50, 3, 1.4, 0, 3, 20, 16200
2, 50, 3, 1.4, 0, 2, 20, 25700
2, 50, 3, 1.4, 0, 3, 20, 10400
2, 50, 3, 1.4, 0, 3, 20, 12900
2, 50, 3, 1.4, 0, 3, 20, 12500
2, 50, 3, 1.4, 0, 3, 20, 12600
2, 50, 3, 1.4, 0, 3, 20, 9000
2, 50, 3, 1.4, 0, 3, 20, 9000
2, 50, 3, 1.4, 0, 3, 20, 13300
2, 50, 3, 1.4, 0, 3, 20, 11100
2, 50, 3, 1.4, 0, 3, 20, 9000
2, 50, 3, 1.4, 0, 3, 20, 13500
2, 50, 3, 1.4, 0, 2, 20, 29700
2, 50, 3, 1.4, 0, 3, 20, 11500
2, 50, 3, 1.4, 0, 3, 20, 10400
2, 50, 3, 1.4, 0, 3, 20, 12900
2, 50, 3, 1.4, 0, 3, 20, 14100
2, 50, 3, 1.4, 0, 3, 20, 25500
2, 50, 3, 1.4, 0, 3, 20, 9000
2, 50, 3, 1.4, 0, 3, 20, 12400
2, 50, 3, 1.4, 0, 3, 20, 12300
2, 50, 3, 1.4, 0, 3, 20, 22600
2, 50, 3, 1.4, 0, 3, 20, 11700
2, 50, 3, 1.4, 0, 3, 20, 10800
2, 50, 3, 1.4, 0, 3, 20, 13900
2, 50, 3, 1.4, 0, 3, 20, 12000
2, 50, 3, 1.4, 0, 3, 20, 19600
2, 50, 3, 1.4, 0, 3, 20, 14500
2, 50, 3, 1.4, 0, 2, 20, 25100
2, 50, 3, 1.4, 0, 3, 20, 10000
2, 50, 3, 1.4, 0, 3, 20, 12500
2, 50, 3, 1.4, 0, 3, 20, 17600
2, 50, 3, 1.4, 0, 3, 20, 9700
2, 50, 3, 1.4, 0, 3, 20, 21400
2, 50, 3, 1.4, 0, 3, 20, 8500
2, 50, 3, 1.4, 0, 2, 20, 25000
2, 50, 3, 1.4, 0, 3, 20, 9400
2, 50, 3, 1.4, 0, 3, 20, 14400
2, 50, 3, 1.4, 0, 3, 20, 10800
2, 50, 3, 1.4, 0, 3, 20, 12800
2, 50, 3, 1.4, 0, 2, 20, 32100
2, 50, 3, 1.4, 0, 3, 20, 10700
2, 50, 3, 1.4, 0, 3, 20, 12300
2, 50, 3, 1.4, 0, 3, 20, 9700
2, 50, 3, 1.4, 0, 3, 20, 17000
2, 50, 3, 1.4, 0, 3, 20, 12300
2, 50, 3, 1.4, 0, 3, 20, 9300
2, 50, 3, 1.4, 0, 3, 20, 20700
2, 50, 3, 1.4, 0, 2, 20, 25300
2, 50, 3, 1.4, 0, 3, 20, 14400
2, 50, 3, 1.4, 0, 2, 20, 24500
2, 50, 3, 1.4, 0, 3, 20, 10800
2, 50, 3, 1.4, 0, 2, 20, 27500
2, 50, 3, 1.4, 0, 3, 20, 9300
2, 50, 3, 1.4, 0, 3, 20, 9900
2, 50, 3, 1.4, 0, 3, 20, 10800
2, 50, 3, 1.4, 0, 3, 20, 13800
2, 50, 3, 1.4, 0, 3, 20, 10800
2, 50, 3, 1.4, 0, 3, 20, 13500
2, 50, 3, 1.4, 0, 3, 20, 35700
2, 50, 3, 1.4, 0, 3, 20, 11100
2, 50, 3, 1.4, 0, 3, 20, 9800
2, 50, 3, 1.4, 0, 3, 20, 10200
2, 50, 3, 1.4, 0, 3, 20, 13200
2, 50, 3, 1.4, 0, 3, 20, 18600
2, 50, 3, 1.4, 0, 3, 20, 13400
2, 50, 3, 1.4, 0, 3, 20, 12800
2, 50, 3, 1.4, 0, 3, 20, 10500
2, 50, 3, 1.4, 0, 2, 20, 26300
2, 50, 3, 1.4, 0, 3, 20, 12900
2, 50, 3, 1.4, 0, 1, 20, 40900
2, 50, 3, 1.4, 0, 3, 20, 16900
2, 50, 3, 1.4, 0, 3, 20, 9100
2, 50, 3, 1.4, 0, 2, 20, 31000
2, 50, 5, 1.4, 0, 3, 20, 15900
2, 50, 5, 1.4, 0, 2, 20, 28700
2, 50, 5, 1.4, 0, 3, 20, 21800
2, 50, 5, 1.4, 0, 3, 20, 15500
2, 50, 5, 1.4, 0, 3, 20, 13600
2, 50, 5, 1.4, 0, 2, 20, 26300
2, 50, 5, 1.4, 0, 3, 20, 12300
2, 50, 5, 1.4, 0, 3, 20, 25300
2, 50, 5, 1.4, 0, 3, 20, 8500
2, 50, 5, 1.4, 0, 3, 20, 7200
2, 50, 5, 1.4, 0, 3, 20, 9400
2, 50, 5, 1.4, 0, 3, 20, 12200
2, 50, 5, 1.4, 0, 3, 20, 11700
2, 50, 5, 1.4, 0, 3, 20, 13600
2, 50, 5, 1.4, 0, 3, 20, 17100
2, 50, 5, 1.4, 0, 2, 20, 30500
2, 50, 5, 1.4, 0, 3, 20, 13000
2, 50, 5, 1.4, 0, 3, 20, 13900
2, 50, 5, 1.4, 0, 3, 20, 13300
2, 50, 5, 1.4, 0, 3, 20, 8800
2, 50, 5, 1.4, 0, 3, 20, 8400
2, 50, 5, 1.4, 0, 3, 20, 15000
2, 50, 5, 1.4, 0, 3, 20, 13000
2, 50, 5, 1.4, 0, 3, 20, 14900
2, 50, 5, 1.4, 0, 3, 20, 19800
2, 50, 5, 1.4, 
2, 50, 5, 1.4, 0, 3, 20, 13900
2, 50, 5, 1.4, 0, 3, 20, 22300
2, 50, 5, 1.4, 0, 3, 20, 14000
2, 50, 5, 1.4, 0, 3, 20, 13300
2, 50, 5, 1.4, 0, 3, 20, 12000
2, 50, 5, 1.4, 0, 2, 20, 28000
2, 50, 5, 1.4, 0, 3, 20, 11100
2, 50, 5, 1.4, 0, 3, 20, 13200
2, 50, 5, 1.4, 0, 3, 20, 11100
2, 50, 5, 1.4, 0, 3, 20, 11100
2, 50, 5, 1.4, 0, 3, 20, 10800
2, 50, 5, 1.4, 0, 3, 20, 21700
2, 50, 5, 1.4, 0, 3, 20, 9100
2, 50, 5, 1.4, 0, 3, 20, 16200
2, 50, 5, 1.4, 0, 2, 20, 28600
2, 50, 5, 1.4, 0, 3, 20, 9800
2, 50, 5, 1.4, 0, 3, 20, 10500
2, 50, 5, 1.4, 0, 3, 20, 6700
2, 50, 5, 1.4, 0, 3, 20, 8800
2, 50, 5, 1.4, 0, 3, 20, 10700
2, 50, 5, 1.4, 0, 3, 20, 13700
2, 50, 5, 1.4, 0, 2, 20, 28200
2, 50, 5, 1.4, 0, 3, 20, 25000
2, 50, 5, 1.4, 0, 3, 20, 20000
2, 50, 5, 1.4, 0, 2, 20, 25700
2, 50, 5, 1.4, 0, 3, 20, 12200
2, 50, 5, 1.4, 0, 3, 20, 16800
2, 50, 5, 1.4, 0, 3, 20, 10400
2, 50, 5, 1.4, 0, 3, 20, 10000
2, 50, 5, 1.4, 0, 3, 20, 15000
2, 50, 5, 1.4, 0, 3, 20, 8000
2, 50, 5, 1.4, 0, 3, 20, 9600
2, 50, 5, 1.4, 0, 2, 20, 31300
2, 50, 5, 1.4, 0, 3, 20, 12200
2, 50, 5, 1.4, 0, 3, 20, 17700
2, 50, 5, 1.4, 0, 3, 20, 8700
2, 50, 5, 1.4, 0, 3, 20, 17700
2, 50, 5, 1.4, 0, 3, 20, 15600
2, 50, 5, 1.4, 0, 1, 20, 59700
2, 50, 5, 1.4, 0, 3, 20, 12300
2, 50, 5, 1.4, 0, 3, 20, 8900
2, 50, 5, 1.4, 0, 3, 20, 7900
2, 50, 5, 1.4, 0, 3, 20, 10500
2, 50, 5, 1.4, 0, 3, 20, 11400
2, 50, 5, 1.4, 0, 3, 20, 11000
2, 50, 5, 1.4, 0, 3, 20, 11000
2, 50, 5, 1.4, 0, 3, 20, 15900
2, 50, 5, 1.4, 0, 3, 20, 15900
2, 50, 5, 1.4, 0, 3, 20, 18500
2, 50, 5, 1.4, 0, 3, 20, 13200
2, 50, 5, 1.4, 0, 3, 20, 11700
2, 50, 5, 1.4, 0, 2, 20, 25000
2, 50, 5, 1.4, 0, 3, 20, 12400
2, 50, 5, 1.4, 0, 2, 20, 29800
2, 50, 5, 1.4, 0, 3, 20, 13900
2, 50, 5, 1.4, 0, 3, 20, 8800
2, 50, 5, 1.4, 0, 3, 20, 21100
2, 50, 5, 1.4, 1, 0, 19, 62105.26315789473
2, 50, 5, 1.4, 0, 2, 20, 45600
2, 50, 5, 1.4, 0, 3, 20, 11900
2, 50, 5, 1.4, 0, 3, 20, 17100
2, 50, 5, 1.4, 0, 2, 20, 29400
2, 50, 5, 1.4, 0, 3, 20, 14100
2, 50, 5, 1.4, 0, 3, 20, 13500
2, 50, 5, 1.4, 0, 3, 20, 14500
2, 50, 5, 1.4, 0, 3, 20, 9800
2, 50, 5, 1.4, 0, 3, 20, 13800
2, 50, 5, 1.4, 0, 3, 20, 13600
2, 50, 5, 1.4, 0, 3, 20, 11600
2, 50, 5, 1.4, 0, 3, 20, 16600
2, 50, 5, 1.4, 0, 3, 20, 14200
2, 50, 5, 1.4, 0, 3, 20, 12300
2, 50, 5, 1.4, 0, 3, 20, 8700
2, 50, 5, 1.4, 0, 3, 20, 10000
2, 50, 10, 1.4, 0, 3, 20, 12700
2, 50, 10, 1.4, 0, 3, 20, 13900
2, 50, 10, 1.4, 0, 2, 20, 28400
2, 50, 10, 1.4, 0, 2, 20, 26500
2, 50, 10, 1.4, 0, 3, 20, 32200
2, 50, 10, 1.4, 0, 3, 20, 13400
2, 50, 10, 1.4, 0, 3, 20, 13100
2, 50, 10, 1.4, 0, 3, 20, 23300
2, 50, 10, 1.4, 0, 3, 20, 20000
2, 50, 10, 1.4, 0, 2, 20, 28300
2, 50, 10, 1.4, 0, 3, 20, 15100
2, 50, 10, 1.4, 0, 2, 20, 39300
2, 50, 10, 1.4, 1, 0, 8, 371250.0
2, 50, 10, 1.4, 1, 0, 15, 88133.33333333334
2, 50, 10, 1.4, 0, 2, 20, 30900
2, 50, 10, 1.4, 0, 3, 20, 14900
2, 50, 10, 1.4, 0, 3, 20, 11900
2, 50, 10, 1.4, 0, 3, 20, 16700
2, 50, 10, 1.4, 0, 3, 20, 10700
2, 50, 10, 1.4, 0, 2, 20, 26100
2, 50, 10, 1.4, 
2, 50, 10, 1.4, 0, 3, 20, 9600
2, 50, 10, 1.4, 0, 2, 20, 47800
2, 50, 10, 1.4, 0, 3, 20, 14400
2, 50, 10, 1.4, 0, 3, 20, 7800
2, 50, 10, 1.4, 0, 3, 20, 10900
2, 50, 10, 1.4, 0, 3, 20, 14300
2, 50, 10, 1.4, 0, 3, 20, 11200
2, 50, 10, 1.4, 0, 3, 20, 12700
2, 50, 10, 1.4, 0, 3, 20, 9100
2, 50, 10, 1.4, 0, 3, 20, 8900
2, 50, 10, 1.4, 0, 2, 20, 37700
2, 50, 10, 1.4, 0, 3, 20, 10900
2, 50, 10, 1.4, 0, 2, 20, 34400
2, 50, 10, 1.4, 0, 3, 20, 8200
2, 50, 10, 1.4, 1, 0, 16, 99250.0
2, 50, 10, 1.4, 0, 3, 20, 13800
2, 50, 10, 1.4, 0, 3, 20, 14200
2, 50, 10, 1.4, 0, 3, 20, 15300
2, 50, 10, 1.4, 0, 3, 20, 16100
2, 50, 10, 1.4, 0, 3, 20, 17300
2, 50, 10, 1.4, 0, 2, 20, 31700
2, 50, 10, 1.4, 0, 3, 20, 7600
2, 50, 10, 1.4, 0, 3, 20, 11400
2, 50, 10, 1.4, 0, 3, 20, 13000
2, 50, 10, 1.4, 0, 3, 20, 13300
2, 50, 10, 1.4, 0, 2, 20, 25300
2, 50, 10, 1.4, 0, 3, 20, 13200
2, 50, 10, 1.4, 0, 3, 20, 20000
2, 50, 10, 1.4, 0, 3, 20, 10200
2, 50, 10, 1.4, 0, 2, 20, 28000
2, 50, 10, 1.4, 0, 3, 20, 7300
2, 50, 10, 1.4, 0, 3, 20, 11100
2, 50, 10, 1.4, 0, 3, 20, 11900
2, 50, 10, 1.4, 0, 2, 20, 36000
2, 50, 10, 1.4, 0, 3, 20, 13200
2, 50, 10, 1.4, 0, 2, 20, 41200
2, 50, 10, 1.4, 0, 3, 20, 9800
2, 50, 10, 1.4, 0, 3, 20, 15200
2, 50, 10, 1.4, 0, 2, 20, 53600
2, 50, 10, 1.4, 0, 3, 20, 9700
2, 50, 10, 1.4, 0, 3, 20, 17200
2, 50, 10, 1.4, 0, 3, 20, 10100
2, 50, 10, 1.4, 0, 3, 20, 10600
2, 50, 10, 1.4, 
2, 50, 10, 1.4, 0, 2, 20, 25000
2, 50, 10, 1.4, 0, 3, 20, 10200
2, 50, 10, 1.4, 0, 3, 20, 12000
2, 50, 10, 1.4, 0, 3, 20, 10600
2, 50, 10, 1.4, 0, 3, 20, 11300
2, 50, 10, 1.4, 0, 3, 20, 11000
2, 50, 10, 1.4, 0, 3, 20, 12100
2, 50, 10, 1.4, 0, 3, 20, 12800
2, 50, 10, 1.4, 0, 3, 20, 13800
2, 50, 10, 1.4, 0, 3, 20, 9800
2, 50, 10, 1.4, 0, 2, 20, 29700
2, 50, 10, 1.4, 0, 3, 20, 9100
2, 50, 10, 1.4, 0, 3, 20, 9800
2, 50, 10, 1.4, 0, 3, 20, 15200
2, 50, 10, 1.4, 0, 3, 20, 6600
2, 50, 10, 1.4, 0, 2, 20, 34800
2, 50, 10, 1.4, 0, 3, 20, 25100
2, 50, 10, 1.4, 0, 3, 20, 15700
2, 50, 10, 1.4, 0, 3, 20, 14600
2, 50, 10, 1.4, 0, 3, 20, 12600
2, 50, 10, 1.4, 0, 3, 20, 18000
2, 50, 10, 1.4, 0, 2, 20, 33300
2, 50, 10, 1.4, 0, 3, 20, 20700
2, 50, 10, 1.4, 0, 3, 20, 12200
2, 50, 10, 1.4, 0, 3, 20, 8400
2, 50, 10, 1.4, 0, 3, 20, 16200
2, 50, 10, 1.4, 0, 2, 20, 26500
2, 50, 10, 1.4, 0, 2, 20, 50000
2, 50, 10, 1.4, 0, 3, 20, 12300
2, 50, 10, 1.4, 1, 0, 13, 119076.92307692308
2, 50, 10, 1.4, 0, 3, 20, 9400
2, 50, 10, 1.4, 0, 3, 20, 10500
2, 50, 10, 1.4, 0, 3, 20, 31300
2, 50, 10, 1.4, 0, 3, 20, 11400
2, 50, 10, 1.4, 0, 2, 20, 26600
2, 50, 20, 1.4, 0, 3, 20, 9300
2, 50, 20, 1.4, 0, 3, 20, 13600
2, 50, 20, 1.4, 0, 1, 20, 47500
2, 50, 20, 1.4, 1, 0, 15, 96133.33333333334
2, 50, 20, 1.4, 0, 2, 20, 45100
2, 50, 20, 1.4, 0, 1, 20, 45700
2, 50, 20, 1.4, 0, 3, 20, 13600
2, 50, 20, 1.4, 0, 3, 20, 12800
2, 50, 20, 1.4, 
2, 50, 20, 1.4, 0, 3, 20, 15100
2, 50, 20, 1.4, 0, 3, 20, 13100
2, 50, 20, 1.4, 0, 3, 20, 10700
2, 50, 20, 1.4, 0, 3, 20, 15400
2, 50, 20, 1.4, 0, 3, 20, 10600
2, 50, 20, 1.4, 0, 2, 20, 42500
2, 50, 20, 1.4, 
2, 50, 20, 1.4, 0, 2, 20, 35300
2, 50, 20, 1.4, 0, 3, 20, 17600
2, 50, 20, 1.4, 0, 3, 20, 10000
2, 50, 20, 1.4, 0, 3, 20, 13900
2, 50, 20, 1.4, 0, 3, 20, 15500
2, 50, 20, 1.4, 0, 3, 20, 9600
2, 50, 20, 1.4, 0, 3, 20, 14500
2, 50, 20, 1.4, 1, 0, 10, 215400.0
2, 50, 20, 1.4, 0, 3, 20, 7900
2, 50, 20, 1.4, 0, 3, 20, 9000
2, 50, 20, 1.4, 0, 3, 20, 11100
2, 50, 20, 1.4, 0, 2, 20, 44500
2, 50, 20, 1.4, 0, 2, 20, 94800
2, 50, 20, 1.4, 1, 0, 17, 147647.0588235294
2, 50, 20, 1.4, 0, 3, 20, 14400
2, 50, 20, 1.4, 0, 3, 20, 11000
2, 50, 20, 1.4, 0, 3, 20, 7900
2, 50, 20, 1.4, 0, 2, 20, 30900
2, 50, 20, 1.4, 0, 3, 20, 17100
2, 50, 20, 1.4, 0, 3, 20, 17000
2, 50, 20, 1.4, 0, 3, 20, 18400
2, 50, 20, 1.4, 0, 3, 20, 11100
2, 50, 20, 1.4, 0, 1, 20, 69300
2, 50, 20, 1.4, 0, 2, 20, 32100
2, 50, 20, 1.4, 0, 3, 20, 13700
2, 50, 20, 1.4, 0, 3, 20, 12000
2, 50, 20, 1.4, 0, 2, 20, 25000
2, 50, 20, 1.4, 0, 2, 20, 43100
2, 50, 20, 1.4, 0, 3, 20, 13400
2, 50, 20, 1.4, 0, 2, 20, 23800
2, 50, 20, 1.4, 0, 3, 20, 23200
2, 50, 20, 1.4, 0, 3, 20, 20500
2, 50, 20, 1.4, 0, 2, 20, 32200
2, 50, 20, 1.4, 0, 3, 20, 8900
2, 50, 20, 1.4, 0, 3, 20, 11400
2, 50, 20, 1.4, 0, 3, 20, 11700
2, 50, 20, 1.4, 
2, 50, 20, 1.4, 0, 2, 20, 34800
2, 50, 20, 1.4, 0, 3, 20, 9900
2, 50, 20, 1.4, 0, 3, 20, 13900
2, 50, 20, 1.4, 1, 0, 14, 101714.28571428571
2, 50, 20, 1.4, 0, 3, 20, 10500
2, 50, 20, 1.4, 0, 2, 20, 27700
2, 50, 20, 1.4, 0, 3, 20, 9200
2, 50, 20, 1.4, 
2, 50, 20, 1.4, 0, 2, 20, 27200
2, 50, 20, 1.4, 0, 3, 20, 12200
2, 50, 20, 1.4, 0, 3, 20, 11500
2, 50, 20, 1.4, 1, 0, 15, 100266.66666666666
2, 50, 20, 1.4, 0, 3, 20, 15200
2, 50, 20, 1.4, 0, 3, 20, 12000
2, 50, 20, 1.4, 0, 3, 20, 14000
2, 50, 20, 1.4, 0, 3, 20, 15300
2, 50, 20, 1.4, 0, 3, 20, 10300
2, 50, 20, 1.4, 0, 3, 20, 17100
2, 50, 20, 1.4, 0, 3, 20, 14900
2, 50, 20, 1.4, 0, 3, 20, 12200
2, 50, 20, 1.4, 0, 2, 20, 22600
2, 50, 20, 1.4, 0, 2, 20, 38100
2, 50, 20, 1.4, 0, 3, 20, 17000
2, 50, 20, 1.4, 1, 0, 11, 202000.0
2, 50, 20, 1.4, 0, 3, 20, 8200
2, 50, 20, 1.4, 0, 3, 20, 8800
2, 50, 20, 1.4, 0, 2, 20, 40500
2, 50, 20, 1.4, 0, 2, 20, 29900
2, 50, 20, 1.4, 0, 2, 20, 26500
2, 50, 20, 1.4, 0, 3, 20, 8400
2, 50, 20, 1.4, 
2, 50, 20, 1.4, 0, 3, 20, 17900
2, 50, 20, 1.4, 0, 3, 20, 12800
2, 50, 20, 1.4, 0, 3, 20, 8600
2, 50, 20, 1.4, 0, 2, 20, 42200
2, 50, 20, 1.4, 0, 2, 20, 25800
2, 50, 20, 1.4, 0, 3, 20, 9000
2, 50, 20, 1.4, 0, 3, 20, 9100
2, 50, 20, 1.4, 0, 3, 20, 18400
2, 50, 20, 1.4, 0, 3, 20, 11100
2, 50, 20, 1.4, 1, 0, 9, 138222.22222222222
2, 50, 20, 1.4, 0, 3, 20, 18600
2, 50, 20, 1.4, 0, 3, 20, 9800
2, 50, 20, 1.4, 0, 3, 20, 25100
2, 50, 20, 1.4, 0, 3, 20, 16800
2, 50, 20, 1.4, 0, 3, 20, 10200
2, 50, 20, 1.4, 0, 3, 20, 15500
2, 100, 1, 1.4, 0, 3, 20, 12100
2, 100, 1, 1.4, 0, 3, 20, 11400
2, 100, 1, 1.4, 0, 3, 20, 7200
2, 100, 1, 1.4, 0, 3, 20, 14100
2, 100, 1, 1.4, 0, 3, 20, 9900
2, 100, 1, 1.4, 0, 3, 20, 7300
2, 100, 1, 1.4, 0, 3, 20, 7900
2, 100, 1, 1.4, 0, 3, 20, 33600
2, 100, 1, 1.4, 0, 3, 20, 7800
2, 100, 1, 1.4, 0, 2, 20, 25100
2, 100, 1, 1.4, 0, 3, 20, 10200
2, 100, 1, 1.4, 0, 2, 20, 28200
2, 100, 1, 1.4, 0, 3, 20, 10800
2, 100, 1, 1.4, 0, 3, 20, 14400
2, 100, 1, 1.4, 0, 3, 20, 11200
2, 100, 1, 1.4, 0, 3, 20, 11100
2, 100, 1, 1.4, 0, 3, 20, 11000
2, 100, 1, 1.4, 0, 3, 20, 8800
2, 100, 1, 1.4, 0, 3, 20, 9500
2, 100, 1, 1.4, 0, 3, 20, 11000
2, 100, 1, 1.4, 0, 3, 20, 8500
2, 100, 1, 1.4, 0, 3, 20, 12400
2, 100, 1, 1.4, 0, 3, 20, 17000
2, 100, 1, 1.4, 0, 3, 20, 6900
2, 100, 1, 1.4, 0, 3, 20, 8800
2, 100, 1, 1.4, 0, 3, 20, 12000
2, 100, 1, 1.4, 0, 3, 20, 6100
2, 100, 1, 1.4, 0, 3, 20, 8500
2, 100, 1, 1.4, 0, 3, 20, 8800
2, 100, 1, 1.4, 0, 3, 20, 14700
2, 100, 1, 1.4, 0, 3, 20, 9300
2, 100, 1, 1.4, 0, 3, 20, 8700
2, 100, 1, 1.4, 0, 3, 20, 7800
2, 100, 1, 1.4, 0, 3, 20, 10400
2, 100, 1, 1.4, 0, 3, 20, 9700
2, 100, 1, 1.4, 0, 3, 20, 9600
2, 100, 1, 1.4, 0, 3, 20, 13200
2, 100, 1, 1.4, 0, 3, 20, 8200
2, 100, 1, 1.4, 0, 3, 20, 10500
2, 100, 1, 1.4, 0, 3, 20, 9400
2, 100, 1, 1.4, 0, 3, 20, 10200
2, 100, 1, 1.4, 0, 3, 20, 7900
2, 100, 1, 1.4, 0, 3, 20, 7000
2, 100, 1, 1.4, 0, 3, 20, 12400
2, 100, 1, 1.4, 0, 3, 20, 12000
2, 100, 1, 1.4, 0, 3, 20, 11700
2, 100, 1, 1.4, 0, 3, 20, 8400
2, 100, 1, 1.4, 0, 3, 20, 7800
2, 100, 1, 1.4, 0, 3, 20, 7900
2, 100, 1, 1.4, 0, 3, 20, 10000
2, 100, 1, 1.4, 0, 3, 20, 8400
2, 100, 1, 1.4, 0, 3, 20, 14100
2, 100, 1, 1.4, 0, 3, 20, 9400
2, 100, 1, 1.4, 0, 3, 20, 9000
2, 100, 1, 1.4, 0, 3, 20, 9000
2, 100, 1, 1.4, 0, 3, 20, 9500
2, 100, 1, 1.4, 0, 3, 20, 8700
2, 100, 1, 1.4, 0, 3, 20, 7900
2, 100, 1, 1.4, 0, 3, 20, 14300
2, 100, 1, 1.4, 0, 2, 20, 23600
2, 100, 1, 1.4, 0, 3, 20, 10900
2, 100, 1, 1.4, 0, 3, 20, 7200
2, 100, 1, 1.4, 0, 3, 20, 11500
2, 100, 1, 1.4, 0, 3, 20, 8800
2, 100, 1, 1.4, 0, 3, 20, 12300
2, 100, 1, 1.4, 0, 3, 20, 11400
2, 100, 1, 1.4, 0, 3, 20, 8600
2, 100, 1, 1.4, 0, 3, 20, 14300
2, 100, 1, 1.4, 0, 3, 20, 12100
2, 100, 1, 1.4, 0, 3, 20, 7200
2, 100, 1, 1.4, 0, 3, 20, 15800
2, 100, 1, 1.4, 0, 3, 20, 11300
2, 100, 1, 1.4, 0, 3, 20, 22500
2, 100, 1, 1.4, 0, 3, 20, 12700
2, 100, 1, 1.4, 0, 3, 20, 14000
2, 100, 1, 1.4, 0, 3, 20, 10600
2, 100, 1, 1.4, 0, 3, 20, 13600
2, 100, 1, 1.4, 0, 3, 20, 12200
2, 100, 1, 1.4, 0, 3, 20, 10600
2, 100, 1, 1.4, 0, 3, 20, 9300
2, 100, 1, 1.4, 0, 3, 20, 19900
2, 100, 1, 1.4, 0, 2, 20, 26500
2, 100, 1, 1.4, 0, 2, 20, 34000
2, 100, 1, 1.4, 0, 3, 20, 12000
2, 100, 1, 1.4, 0, 3, 20, 10500
2, 100, 1, 1.4, 0, 3, 20, 17200
2, 100, 1, 1.4, 0, 3, 20, 7900
2, 100, 1, 1.4, 0, 3, 20, 10400
2, 100, 1, 1.4, 0, 3, 20, 9500
2, 100, 1, 1.4, 0, 3, 20, 12600
2, 100, 1, 1.4, 0, 3, 20, 17700
2, 100, 1, 1.4, 0, 2, 20, 25000
2, 100, 1, 1.4, 0, 3, 20, 12100
2, 100, 1, 1.4, 0, 3, 20, 13900
2, 100, 1, 1.4, 0, 3, 20, 11200
2, 100, 1, 1.4, 0, 3, 20, 17200
2, 100, 1, 1.4, 0, 3, 20, 9100
2, 100, 1, 1.4, 0, 3, 20, 10200
2, 100, 1, 1.4, 0, 3, 20, 9800
2, 100, 1, 1.4, 0, 3, 20, 9600
2, 100, 3, 1.4, 0, 2, 20, 28200
2, 100, 3, 1.4, 0, 3, 20, 12900
2, 100, 3, 1.4, 0, 2, 20, 23400
2, 100, 3, 1.4, 0, 3, 20, 10600
2, 100, 3, 1.4, 0, 3, 20, 6900
2, 100, 3, 1.4, 0, 3, 20, 12900
2, 100, 3, 1.4, 0, 3, 20, 12300
2, 100, 3, 1.4, 0, 2, 20, 27600
2, 100, 3, 1.4, 0, 3, 20, 13700
2, 100, 3, 1.4, 0, 3, 20, 13100
2, 100, 3, 1.4, 0, 3, 20, 9400
2, 100, 3, 1.4, 0, 2, 20, 40300
2, 100, 3, 1.4, 0, 3, 20, 13400
2, 100, 3, 1.4, 0, 3, 20, 16800
2, 100, 3, 1.4, 0, 3, 20, 9000
2, 100, 3, 1.4, 0, 3, 20, 6800
2, 100, 3, 1.4, 0, 3, 20, 17200
2, 100, 3, 1.4, 0, 3, 20, 7300
2, 100, 3, 1.4, 0, 3, 20, 14500
2, 100, 3, 1.4, 0, 3, 20, 9900
2, 100, 3, 1.4, 0, 3, 20, 13700
2, 100, 3, 1.4, 0, 3, 20, 12900
2, 100, 3, 1.4, 0, 3, 20, 12000
2, 100, 3, 1.4, 0, 3, 20, 11700
2, 100, 3, 1.4, 0, 3, 20, 9000
2, 100, 3, 1.4, 0, 2, 20, 36300
2, 100, 3, 1.4, 0, 3, 20, 13000
2, 100, 3, 1.4, 0, 2, 20, 27800
2, 100, 3, 1.4, 0, 2, 20, 27200
2, 100, 3, 1.4, 0, 3, 20, 9000
2, 100, 3, 1.4, 0, 3, 20, 12800
2, 100, 3, 1.4, 0, 3, 20, 9500
2, 100, 3, 1.4, 0, 3, 20, 9000
2, 100, 3, 1.4, 0, 3, 20, 17200
2, 100, 3, 1.4, 0, 3, 20, 11300
2, 100, 3, 1.4, 0, 3, 20, 12300
2, 100, 3, 1.4, 0, 3, 20, 12800
2, 100, 3, 1.4, 0, 3, 20, 12900
2, 100, 3, 1.4, 0, 3, 20, 9300
2, 100, 3, 1.4, 0, 3, 20, 13600
2, 100, 3, 1.4, 0, 3, 20, 13500
2, 100, 3, 1.4, 0, 2, 20, 24600
2, 100, 3, 1.4, 0, 3, 20, 10400
2, 100, 3, 1.4, 0, 2, 20, 41000
2, 100, 3, 1.4, 0, 3, 20, 8000
2, 100, 3, 1.4, 0, 3, 20, 14200
2, 100, 3, 1.4, 0, 3, 20, 7600
2, 100, 3, 1.4, 0, 3, 20, 9000
2, 100, 3, 1.4, 0, 3, 20, 11300
2, 100, 3, 1.4, 0, 3, 20, 14100
2, 100, 3, 1.4, 0, 3, 20, 14300
2, 100, 3, 1.4, 0, 3, 20, 14900
2, 100, 3, 1.4, 0, 3, 20, 12600
2, 100, 3, 1.4, 0, 3, 20, 14400
2, 100, 3, 1.4, 0, 3, 20, 11700
2, 100, 3, 1.4, 0, 3, 20, 9000
2, 100, 3, 1.4, 0, 3, 20, 7800
2, 100, 3, 1.4, 0, 3, 20, 11200
2, 100, 3, 1.4, 0, 3, 20, 14500
2, 100, 3, 1.4, 0, 3, 20, 10000
2, 100, 3, 1.4, 0, 2, 20, 38300
2, 100, 3, 1.4, 0, 3, 20, 10300
2, 100, 3, 1.4, 0, 3, 20, 10600
2, 100, 3, 1.4, 0, 3, 20, 8400
2, 100, 3, 1.4, 0, 3, 20, 9900
2, 100, 3, 1.4, 0, 3, 20, 9800
2, 100, 3, 1.4, 0, 3, 20, 9800
2, 100, 3, 1.4, 0, 3, 20, 12200
2, 100, 3, 1.4, 0, 3, 20, 13000
2, 100, 3, 1.4, 0, 2, 20, 34300
2, 100, 3, 1.4, 0, 3, 20, 13300
2, 100, 3, 1.4, 0, 3, 20, 9900
2, 100, 3, 1.4, 0, 3, 20, 20700
2, 100, 3, 1.4, 0, 3, 20, 11900
2, 100, 3, 1.4, 0, 3, 20, 6000
2, 100, 3, 1.4, 0, 3, 20, 12900
2, 100, 3, 1.4, 0, 3, 20, 9300
2, 100, 3, 1.4, 0, 3, 20, 15700
2, 100, 3, 1.4, 0, 3, 20, 10700
2, 100, 3, 1.4, 0, 3, 20, 8500
2, 100, 3, 1.4, 0, 3, 20, 15200
2, 100, 3, 1.4, 0, 3, 20, 13200
2, 100, 3, 1.4, 0, 3, 20, 11700
2, 100, 3, 1.4, 0, 2, 20, 31500
2, 100, 3, 1.4, 0, 3, 20, 12400
2, 100, 3, 1.4, 0, 3, 20, 10100
2, 100, 3, 1.4, 0, 3, 20, 9400
2, 100, 3, 1.4, 0, 3, 20, 13000
2, 100, 3, 1.4, 0, 3, 20, 14200
2, 100, 3, 1.4, 0, 3, 20, 8400
2, 100, 3, 1.4, 0, 3, 20, 8200
2, 100, 3, 1.4, 0, 3, 20, 10000
2, 100, 3, 1.4, 0, 2, 20, 28000
2, 100, 3, 1.4, 0, 2, 20, 32700
2, 100, 3, 1.4, 0, 3, 20, 10500
2, 100, 3, 1.4, 0, 3, 20, 13900
2, 100, 3, 1.4, 0, 3, 20, 11600
2, 100, 3, 1.4, 0, 3, 20, 7900
2, 100, 3, 1.4, 0, 3, 20, 7300
2, 100, 3, 1.4, 0, 3, 20, 7300
2, 100, 5, 1.4, 0, 3, 20, 12300
2, 100, 5, 1.4, 0, 3, 20, 7200
2, 100, 5, 1.4, 0, 3, 20, 9100
2, 100, 5, 1.4, 0, 3, 20, 10600
2, 100, 5, 1.4, 0, 2, 20, 28000
2, 100, 5, 1.4, 0, 3, 20, 7900
2, 100, 5, 1.4, 0, 3, 20, 9700
2, 100, 5, 1.4, 0, 3, 20, 10900
2, 100, 5, 1.4, 0, 3, 20, 11800
2, 100, 5, 1.4, 1, 0, 17, 137058.82352941178
2, 100, 5, 1.4, 0, 3, 20, 10300
2, 100, 5, 1.4, 0, 3, 20, 14300
2, 100, 5, 1.4, 0, 3, 20, 20000
2, 100, 5, 1.4, 0, 3, 20, 8500
2, 100, 5, 1.4, 0, 3, 20, 13600
2, 100, 5, 1.4, 0, 3, 20, 11800
2, 100, 5, 1.4, 0, 3, 20, 10800
2, 100, 5, 1.4, 0, 2, 20, 24400
2, 100, 5, 1.4, 0, 3, 20, 7800
2, 100, 5, 1.4, 0, 3, 20, 14800
2, 100, 5, 1.4, 0, 3, 20, 10600
2, 100, 5, 1.4, 0, 2, 20, 26800
2, 100, 5, 1.4, 0, 2, 20, 24800
2, 100, 5, 1.4, 0, 3, 20, 9400
2, 100, 5, 1.4, 0, 3, 20, 9700
2, 100, 5, 1.4, 0, 3, 20, 19700
2, 100, 5, 1.4, 0, 3, 20, 7000
2, 100, 5, 1.4, 0, 3, 20, 10500
2, 100, 5, 1.4, 0, 3, 20, 11400
2, 100, 5, 1.4, 0, 3, 20, 13000
2, 100, 5, 1.4, 0, 2, 20, 61600
2, 100, 5, 1.4, 0, 3, 20, 13700
2, 100, 5, 1.4, 0, 3, 20, 14100
2, 100, 5, 1.4, 0, 3, 20, 13200
2, 100, 5, 1.4, 0, 3, 20, 15200
2, 100, 5, 1.4, 0, 3, 20, 9200
2, 100, 5, 1.4, 0, 3, 20, 9200
2, 100, 5, 1.4, 0, 3, 20, 9300
2, 100, 5, 1.4, 0, 3, 20, 14900
2, 100, 5, 1.4, 0, 2, 20, 28200
2, 100, 5, 1.4, 0, 3, 20, 17300
2, 100, 5, 1.4, 0, 2, 20, 30700
2, 100, 5, 1.4, 0, 3, 20, 13100
2, 100, 5, 1.4, 0, 3, 20, 10800
2, 100, 5, 1.4, 0, 2, 20, 32200
2, 100, 5, 1.4, 0, 3, 20, 11900
2, 100, 5, 1.4, 0, 3, 20, 10700
2, 100, 5, 1.4, 0, 2, 20, 30200
2, 100, 5, 1.4, 0, 3, 20, 11500
2, 100, 5, 1.4, 0, 3, 20, 18700
2, 100, 5, 1.4, 0, 3, 20, 16700
2, 100, 5, 1.4, 0, 3, 20, 10900
2, 100, 5, 1.4, 0, 3, 20, 15000
2, 100, 5, 1.4, 0, 3, 20, 11200
2, 100, 5, 1.4, 0, 3, 20, 8600
2, 100, 5, 1.4, 0, 3, 20, 10500
2, 100, 5, 1.4, 0, 3, 20, 8500
2, 100, 5, 1.4, 0, 2, 20, 27400
2, 100, 5, 1.4, 0, 3, 20, 8900
2, 100, 5, 1.4, 0, 3, 20, 9700
2, 100, 5, 1.4, 0, 3, 20, 11200
2, 100, 5, 1.4, 0, 3, 20, 26600
2, 100, 5, 1.4, 0, 3, 20, 10300
2, 100, 5, 1.4, 0, 3, 20, 9000
2, 100, 5, 1.4, 0, 2, 20, 30100
2, 100, 5, 1.4, 0, 3, 20, 9100
2, 100, 5, 1.4, 0, 2, 20, 22000
2, 100, 5, 1.4, 0, 3, 20, 11700
2, 100, 5, 1.4, 0, 3, 20, 12600
2, 100, 5, 1.4, 0, 3, 20, 37500
2, 100, 5, 1.4, 0, 3, 20, 8400
2, 100, 5, 1.4, 0, 3, 20, 9000
2, 100, 5, 1.4, 0, 3, 20, 13300
2, 100, 5, 1.4, 0, 3, 20, 10500
2, 100, 5, 1.4, 0, 3, 20, 17300
2, 100, 5, 1.4, 0, 2, 20, 30700
2, 100, 5, 1.4, 0, 3, 20, 8800
2, 100, 5, 1.4, 0, 3, 20, 11700
2, 100, 5, 1.4, 0, 3, 20, 12600
2, 100, 5, 1.4, 0, 3, 20, 12700
2, 100, 5, 1.4, 0, 3, 20, 11600
2, 100, 5, 1.4, 0, 3, 20, 15900
2, 100, 5, 1.4, 0, 3, 20, 28200
2, 100, 5, 1.4, 0, 3, 20, 15000
2, 100, 5, 1.4, 0, 2, 20, 30900
2, 100, 5, 1.4, 0, 3, 20, 8600
2, 100, 5, 1.4, 0, 3, 20, 8200
2, 100, 5, 1.4, 0, 3, 20, 11500
2, 100, 5, 1.4, 0, 3, 20, 10200
2, 100, 5, 1.4, 0, 3, 20, 13000
2, 100, 5, 1.4, 0, 3, 20, 10200
2, 100, 5, 1.4, 0, 3, 20, 9000
2, 100, 5, 1.4, 0, 2, 20, 28900
2, 100, 5, 1.4, 0, 3, 20, 20500
2, 100, 5, 1.4, 0, 2, 20, 28200
2, 100, 5, 1.4, 0, 3, 20, 10000
2, 100, 5, 1.4, 0, 3, 20, 12100
2, 100, 5, 1.4, 0, 3, 20, 14900
2, 100, 5, 1.4, 0, 3, 20, 11800
2, 100, 5, 1.4, 0, 3, 20, 8500

2, 100, 10, 1.4, 0, 3, 20, 8400
2, 100, 10, 1.4, 0, 3, 20, 10500
2, 100, 10, 1.4, 0, 3, 20, 15000
2, 100, 10, 1.4, 0, 3, 20, 16900
2, 100, 10, 1.4, 0, 3, 20, 8900
2, 100, 10, 1.4, 0, 3, 20, 11700
2, 100, 10, 1.4, 0, 3, 20, 14500
2, 100, 10, 1.4, 0, 2, 20, 36100
2, 100, 10, 1.4, 0, 3, 20, 17700
2, 100, 10, 1.4, 0, 3, 20, 30800
2, 100, 10, 1.4, 0, 3, 20, 10300
2, 100, 10, 1.4, 0, 3, 20, 15900
2, 100, 10, 1.4, 0, 3, 20, 11400
2, 100, 10, 1.4, 0, 3, 20, 9400
2, 100, 10, 1.4, 
2, 100, 10, 1.4, 0, 3, 20, 12900
2, 100, 10, 1.4, 0, 3, 20, 10400
2, 100, 10, 1.4, 0, 2, 20, 24900
2, 100, 10, 1.4, 0, 3, 20, 14000
2, 100, 10, 1.4, 0, 3, 20, 17400
2, 100, 10, 1.4, 0, 3, 20, 8400
2, 100, 10, 1.4, 0, 3, 20, 16300
2, 100, 10, 1.4, 0, 3, 20, 13800
2, 100, 10, 1.4, 0, 3, 20, 11300
2, 100, 10, 1.4, 0, 3, 20, 7800
2, 100, 10, 1.4, 0, 2, 20, 30400
2, 100, 10, 1.4, 0, 1, 20, 43300
2, 100, 10, 1.4, 0, 3, 20, 16900
2, 100, 10, 1.4, 0, 3, 20, 12600
2, 100, 10, 1.4, 0, 3, 20, 9300
2, 100, 10, 1.4, 1, 0, 14, 98857.14285714286
2, 100, 10, 1.4, 0, 2, 20, 28200
2, 100, 10, 1.4, 0, 3, 20, 22400
2, 100, 10, 1.4, 0, 2, 20, 25500
2, 100, 10, 1.4, 0, 2, 20, 24900
2, 100, 10, 1.4, 0, 2, 20, 47600
2, 100, 10, 1.4, 0, 3, 20, 13000
2, 100, 10, 1.4, 0, 3, 20, 13000
2, 100, 10, 1.4, 0, 3, 20, 12900
2, 100, 10, 1.4, 0, 3, 20, 25300
2, 100, 10, 1.4, 0, 2, 20, 52600
2, 100, 10, 1.4, 0, 2, 20, 28600
2, 100, 10, 1.4, 0, 3, 20, 13700
2, 100, 10, 1.4, 0, 2, 20, 52300
2, 100, 10, 1.4, 0, 3, 20, 12500
2, 100, 10, 1.4, 0, 2, 20, 40500
2, 100, 10, 1.4, 0, 2, 20, 35800
2, 100, 10, 1.4, 0, 3, 20, 12300
2, 100, 10, 1.4, 0, 3, 20, 9000
2, 100, 10, 1.4, 0, 3, 20, 9600
2, 100, 10, 1.4, 0, 3, 20, 10300
2, 100, 10, 1.4, 0, 3, 20, 10900
2, 100, 10, 1.4, 0, 3, 20, 15400
2, 100, 10, 1.4, 0, 3, 20, 11200
2, 100, 10, 1.4, 0, 3, 20, 6500
2, 100, 10, 1.4, 0, 3, 20, 11200
2, 100, 10, 1.4, 0, 3, 20, 12000
2, 100, 10, 1.4, 0, 3, 20, 11200
2, 100, 10, 1.4, 
2, 100, 10, 1.4, 0, 3, 20, 8900
2, 100, 10, 1.4, 0, 2, 20, 23500
2, 100, 10, 1.4, 0, 3, 20, 26900
2, 100, 10, 1.4, 0, 3, 20, 18200
2, 100, 10, 1.4, 1, 0, 8, 196750.0
2, 100, 10, 1.4, 0, 3, 20, 15400
2, 100, 10, 1.4, 0, 2, 20, 50900
2, 100, 10, 1.4, 0, 3, 20, 9200
2, 100, 10, 1.4, 0, 3, 20, 12400
2, 100, 10, 1.4, 0, 3, 20, 7200
2, 100, 10, 1.4, 0, 3, 20, 8400
2, 100, 10, 1.4, 0, 3, 20, 10300
2, 100, 10, 1.4, 0, 3, 20, 9400
2, 100, 10, 1.4, 0, 2, 20, 30100
2, 100, 10, 1.4, 0, 3, 20, 10600
2, 100, 10, 1.4, 0, 3, 20, 15500
2, 100, 10, 1.4, 0, 2, 20, 31700
2, 100, 10, 1.4, 0, 3, 20, 18100
2, 100, 10, 1.4, 0, 3, 20, 34400
2, 100, 10, 1.4, 0, 3, 20, 20100
2, 100, 10, 1.4, 0, 2, 20, 24700
2, 100, 10, 1.4, 0, 3, 20, 14100
2, 100, 10, 1.4, 0, 3, 20, 12300
2, 100, 10, 1.4, 0, 2, 20, 49800
2, 100, 10, 1.4, 0, 3, 20, 17400
2, 100, 10, 1.4, 0, 2, 20, 26200
2, 100, 10, 1.4, 1, 0, 12, 201666.6666666667
2, 100, 10, 1.4, 0, 1, 20, 61200
2, 100, 10, 1.4, 0, 2, 20, 25800
2, 100, 10, 1.4, 0, 3, 20, 12700
2, 100, 10, 1.4, 0, 3, 20, 11300
2, 100, 10, 1.4, 0, 3, 20, 11600
2, 100, 10, 1.4, 0, 2, 20, 31400
2, 100, 10, 1.4, 0, 3, 20, 14600
2, 100, 10, 1.4, 0, 3, 20, 14400
2, 100, 10, 1.4, 0, 3, 20, 11800
2, 100, 10, 1.4, 0, 3, 20, 15500
2, 100, 10, 1.4, 0, 3, 20, 12800
2, 100, 10, 1.4, 0, 3, 20, 9400
2, 100, 10, 1.4, 0, 3, 20, 17900
2, 100, 10, 1.4, 0, 3, 20, 10500
2, 100, 20, 1.4, 0, 3, 20, 15900
2, 100, 20, 1.4, 0, 3, 20, 20900
2, 100, 20, 1.4, 0, 3, 20, 8800
2, 100, 20, 1.4, 0, 2, 20, 28800
2, 100, 20, 1.4, 0, 2, 20, 72800
2, 100, 20, 1.4, 0, 2, 20, 28700
2, 100, 20, 1.4, 0, 2, 20, 34800
2, 100, 20, 1.4, 0, 3, 20, 9700
2, 100, 20, 1.4, 0, 3, 20, 17800
2, 100, 20, 1.4, 0, 3, 20, 10100
2, 100, 20, 1.4, 0, 3, 20, 13500
2, 100, 20, 1.4, 0, 3, 20, 11900
2, 100, 20, 1.4, 0, 3, 20, 11800
2, 100, 20, 1.4, 0, 3, 20, 10700
2, 100, 20, 1.4, 0, 3, 20, 22800
2, 100, 20, 1.4, 1, 0, 13, 159230.76923076925
2, 100, 20, 1.4, 0, 3, 20, 7600
2, 100, 20, 1.4, 0, 3, 20, 10400
2, 100, 20, 1.4, 0, 3, 20, 11600
2, 100, 20, 1.4, 0, 3, 20, 7200
2, 100, 20, 1.4, 0, 3, 20, 8600
2, 100, 20, 1.4, 0, 3, 20, 8400
2, 100, 20, 1.4, 0, 3, 20, 14700
2, 100, 20, 1.4, 1, 0, 13, 111230.76923076923
2, 100, 20, 1.4, 0, 1, 20, 48900
2, 100, 20, 1.4, 0, 3, 20, 12200
2, 100, 20, 1.4, 0, 2, 20, 27600
2, 100, 20, 1.4, 0, 3, 20, 15200
2, 100, 20, 1.4, 0, 2, 20, 30100
2, 100, 20, 1.4, 0, 2, 20, 42300
2, 100, 20, 1.4, 0, 2, 20, 29200
2, 100, 20, 1.4, 0, 3, 20, 10700
2, 100, 20, 1.4, 0, 3, 20, 15100
2, 100, 20, 1.4, 0, 3, 20, 15100
2, 100, 20, 1.4, 0, 3, 20, 12700
2, 100, 20, 1.4, 0, 3, 20, 10500
2, 100, 20, 1.4, 0, 3, 20, 10200
2, 100, 20, 1.4, 0, 3, 20, 12100
2, 100, 20, 1.4, 0, 2, 20, 26300
2, 100, 20, 1.4, 0, 2, 20, 26200
2, 100, 20, 1.4, 0, 3, 20, 9300
2, 100, 20, 1.4, 0, 3, 20, 16200
2, 100, 20, 1.4, 0, 3, 20, 27900
2, 100, 20, 1.4, 
2, 100, 20, 1.4, 0, 3, 20, 7400
2, 100, 20, 1.4, 0, 2, 20, 66600
2, 100, 20, 1.4, 1, 0, 10, 220400.0
2, 100, 20, 1.4, 0, 3, 20, 14600
2, 100, 20, 1.4, 0, 2, 20, 27100
2, 100, 20, 1.4, 0, 3, 20, 14200
2, 100, 20, 1.4, 0, 2, 20, 34900
2, 100, 20, 1.4, 0, 2, 20, 29500
2, 100, 20, 1.4, 0, 2, 20, 32400
2, 100, 20, 1.4, 0, 2, 20, 47800
2, 100, 20, 1.4, 0, 3, 20, 10600
2, 100, 20, 1.4, 0, 3, 20, 18300
2, 100, 20, 1.4, 0, 3, 20, 12400
2, 100, 20, 1.4, 0, 3, 20, 14100
2, 100, 20, 1.4, 0, 3, 20, 13000
2, 100, 20, 1.4, 0, 2, 20, 35600
2, 100, 20, 1.4, 0, 3, 20, 8400
2, 100, 20, 1.4, 0, 3, 20, 18800
2, 100, 20, 1.4, 0, 3, 20, 11400
2, 100, 20, 1.4, 1, 0, 14, 113142.85714285714
2, 100, 20, 1.4, 1, 0, 20, 61100.0
2, 100, 20, 1.4, 0, 3, 20, 9700
2, 100, 20, 1.4, 0, 3, 20, 15000
2, 100, 20, 1.4, 1, 0, 10, 187200.0
2, 100, 20, 1.4, 0, 2, 20, 27100
2, 100, 20, 1.4, 0, 3, 20, 11800
2, 100, 20, 1.4, 0, 3, 20, 11300
2, 100, 20, 1.4, 0, 2, 20, 28600
2, 100, 20, 1.4, 0, 2, 20, 44700
2, 100, 20, 1.4, 0, 3, 20, 11300
2, 100, 20, 1.4, 0, 3, 20, 10600
2, 100, 20, 1.4, 0, 3, 20, 10800
2, 100, 20, 1.4, 0, 3, 20, 16500
2, 100, 20, 1.4, 0, 3, 20, 13400
2, 100, 20, 1.4, 0, 3, 20, 13200
2, 100, 20, 1.4, 0, 3, 20, 15100
2, 100, 20, 1.4, 0, 3, 20, 12600
2, 100, 20, 1.4, 0, 3, 20, 16700
2, 100, 20, 1.4, 0, 3, 20, 18100
2, 100, 20, 1.4, 1, 0, 10, 143000.0
2, 100, 20, 1.4, 1, 0, 17, 122823.5294117647
2, 100, 20, 1.4, 0, 3, 20, 10000
2, 100, 20, 1.4, 0, 3, 20, 12700
2, 100, 20, 1.4, 0, 3, 20, 10100
2, 100, 20, 1.4, 0, 3, 20, 14200
2, 100, 20, 1.4, 1, 0, 10, 222000.0
2, 100, 20, 1.4, 1, 0, 8, 234750.0
2, 100, 20, 1.4, 0, 3, 20, 11000
2, 100, 20, 1.4, 0, 2, 20, 30000
2, 100, 20, 1.4, 1, 0, 7, 164857.14285714284
2, 100, 20, 1.4, 0, 3, 20, 13100
2, 100, 20, 1.4, 0, 3, 20, 22100
2, 100, 20, 1.4, 1, 0, 13, 90923.07692307692
2, 100, 20, 1.4, 0, 3, 20, 10700
2, 100, 20, 1.4, 0, 3, 20, 99001
